105;110;117;114;108;56;48;48;54;97;110;100;105;110;116;101;120;116;80;114;111;120;109;111;120;86;69;76;111;103;105;110;0;0;0;0;0;0;0;0;0;0;0;0;0;0;0;0;0;0;0;0;0;0;0;0;0;0;0;0;0;0;0;0;0;0;0;0;0;0;0;0;0;0;0;0;0;0;0
105;110;117;114;108;108;111;103;105;110;110;101;120;116;97;100;109;105;110;104;116;116;112;115;115;116;97;99;107;111;118;101;114;102;108;111;119;99;111;109;103;105;116;104;117;98;99;111;109;0;0;0;0;0;0;0;0;0;0;0;0;0;0;0;0;0;0;0;0;0;0;0;0;0;0;0;0;0;0
105;110;116;105;116;108;101;87;101;108;99;111;109;101;116;111;81;78;65;80;84;117;114;98;111;78;65;83;0;0;0;0;0;0;0;0;0;0;0;0;0;0;0;0;0;0;0;0;0;0;0;0;0;0;0;0;0;0;0;0;0;0;0;0;0;0;0;0;0;0;0;0;0;0;0;0;0;0;0
105;110;117;114;108;102;114;111;110;116;99;101;110;116;114;97;108;112;104;112;0;0;0;0;0;0;0;0;0;0;0;0;0;0;0;0;0;0;0;0;0;0;0;0;0;0;0;0;0;0;0;0;0;0;0;0;0;0;0;0;0;0;0;0;0;0;0;0;0;0;0;0;0;0;0;0;0;0;0
105;110;117;114;108;105;110;100;101;120;111;102;50;70;97;100;109;105;110;108;111;103;105;110;50;70;105;110;116;105;116;108;101;65;100;109;105;110;105;115;116;114;97;116;105;111;110;76;111;103;105;110;0;0;0;0;0;0;0;0;0;0;0;0;0;0;0;0;0;0;0;0;0;0;0;0;0;0;0
105;110;117;114;108;114;101;109;111;116;101;108;111;103;105;110;108;97;110;103;101;110;0;0;0;0;0;0;0;0;0;0;0;0;0;0;0;0;0;0;0;0;0;0;0;0;0;0;0;0;0;0;0;0;0;0;0;0;0;0;0;0;0;0;0;0;0;0;0;0;0;0;0;0;0;0;0;0;0
105;110;116;105;116;108;101;83;105;103;110;105;110;183;71;105;116;76;97;98;0;0;0;0;0;0;0;0;0;0;0;0;0;0;0;0;0;0;0;0;0;0;0;0;0;0;0;0;0;0;0;0;0;0;0;0;0;0;0;0;0;0;0;0;0;0;0;0;0;0;0;0;0;0;0;0;0;0;0
105;110;116;105;116;108;101;80;108;101;115;107;79;110;121;120;105;110;116;101;120;116;73;110;116;101;114;102;97;99;101;108;97;110;103;117;97;103;101;0;0;0;0;0;0;0;0;0;0;0;0;0;0;0;0;0;0;0;0;0;0;0;0;0;0;0;0;0;0;0;0;0;0;0;0;0;0;0;0
105;110;117;114;108;76;111;103;105;110;106;115;101;115;115;105;111;110;105;100;0;0;0;0;0;0;0;0;0;0;0;0;0;0;0;0;0;0;0;0;0;0;0;0;0;0;0;0;0;0;0;0;0;0;0;0;0;0;0;0;0;0;0;0;0;0;0;0;0;0;0;0;0;0;0;0;0;0;0
105;110;116;105;116;108;101;68;101;108;108;83;111;110;105;99;87;65;76;76;65;117;116;104;101;110;116;105;99;97;116;105;111;110;0;0;0;0;0;0;0;0;0;0;0;0;0;0;0;0;0;0;0;0;0;0;0;0;0;0;0;0;0;0;0;0;0;0;0;0;0;0;0;0;0;0;0;0;0
105;110;117;114;108;115;105;116;101;97;100;109;105;110;105;110;100;101;120;112;104;112;0;0;0;0;0;0;0;0;0;0;0;0;0;0;0;0;0;0;0;0;0;0;0;0;0;0;0;0;0;0;0;0;0;0;0;0;0;0;0;0;0;0;0;0;0;0;0;0;0;0;0;0;0;0;0;0;0
105;110;117;114;108;104;116;116;112;119;101;98;109;97;105;108;0;0;0;0;0;0;0;0;0;0;0;0;0;0;0;0;0;0;0;0;0;0;0;0;0;0;0;0;0;0;0;0;0;0;0;0;0;0;0;0;0;0;0;0;0;0;0;0;0;0;0;0;0;0;0;0;0;0;0;0;0;0;0
105;110;117;114;108;104;101;108;112;100;101;115;107;115;116;97;102;102;105;110;100;101;120;112;104;112;0;0;0;0;0;0;0;0;0;0;0;0;0;0;0;0;0;0;0;0;0;0;0;0;0;0;0;0;0;0;0;0;0;0;0;0;0;0;0;0;0;0;0;0;0;0;0;0;0;0;0;0;0
76;111;103;105;110;77;97;103;101;110;116;111;105;115;97;116;114;97;100;101;109;97;114;107;111;102;77;97;103;101;110;116;111;73;110;99;0;0;0;0;0;0;0;0;0;0;0;0;0;0;0;0;0;0;0;0;0;0;0;0;0;0;0;0;0;0;0;0;0;0;0;0;0;0;0;0;0;0;0
105;110;117;114;108;109;101;109;98;101;114;112;104;112;97;99;116;105;111;110;108;111;103;105;110;0;0;0;0;0;0;0;0;0;0;0;0;0;0;0;0;0;0;0;0;0;0;0;0;0;0;0;0;0;0;0;0;0;0;0;0;0;0;0;0;0;0;0;0;0;0;0;0;0;0;0;0;0;0
105;110;117;114;108;102;109;105;119;101;98;100;0;0;0;0;0;0;0;0;0;0;0;0;0;0;0;0;0;0;0;0;0;0;0;0;0;0;0;0;0;0;0;0;0;0;0;0;0;0;0;0;0;0;0;0;0;0;0;0;0;0;0;0;0;0;0;0;0;0;0;0;0;0;0;0;0;0;0
105;110;117;114;108;106;115;101;99;117;114;105;116;121;99;104;101;99;107;106;115;101;115;115;105;111;110;105;100;0;0;0;0;0;0;0;0;0;0;0;0;0;0;0;0;0;0;0;0;0;0;0;0;0;0;0;0;0;0;0;0;0;0;0;0;0;0;0;0;0;0;0;0;0;0;0;0;0;0
105;110;117;114;108;83;101;99;117;114;101;65;117;116;104;49;0;0;0;0;0;0;0;0;0;0;0;0;0;0;0;0;0;0;0;0;0;0;0;0;0;0;0;0;0;0;0;0;0;0;0;0;0;0;0;0;0;0;0;0;0;0;0;0;0;0;0;0;0;0;0;0;0;0;0;0;0;0;0
105;110;117;114;108;97;100;109;105;110;112;104;112;99;111;110;116;0;0;0;0;0;0;0;0;0;0;0;0;0;0;0;0;0;0;0;0;0;0;0;0;0;0;0;0;0;0;0;0;0;0;0;0;0;0;0;0;0;0;0;0;0;0;0;0;0;0;0;0;0;0;0;0;0;0;0;0;0;0
119;105;122;97;114;100;112;97;115;116;101;98;105;110;97;100;117;108;116;107;101;121;119;111;114;100;115;87;97;114;110;105;110;103;116;104;105;115;112;97;103;101;114;101;113;117;105;114;101;115;74;97;118;97;115;99;114;105;112;116;0;0;0;0;0;0;0;0;0;0;0;0;0;0;0;0;0;0;0
119;105;122;97;114;100;112;97;115;116;101;98;105;110;97;100;117;108;116;107;101;121;119;111;114;100;115;84;111;99;111;114;114;101;99;116;108;121;118;105;101;119;112;108;101;97;115;101;101;110;97;98;108;101;105;116;105;110;121;111;117;114;98;114;111;119;115;101;114;0;0;0;0;0;0;0;0;0;0
101;110;103;108;105;115;104;104;101;108;112;112;114;105;110;116;105;110;103;99;111;109;112;97;110;105;101;115;97;114;99;104;105;118;101;87;97;114;110;105;110;103;116;104;105;115;112;97;103;101;114;101;113;117;105;114;101;115;74;97;118;97;115;99;114;105;112;116;0;0;0;0;0;0;0;0;0;0;0
101;110;103;108;105;115;104;104;101;108;112;112;114;105;110;116;105;110;103;99;111;109;112;97;110;105;101;115;97;114;99;104;105;118;101;84;111;99;111;114;114;101;99;116;108;121;118;105;101;119;112;108;101;97;115;101;101;110;97;98;108;101;105;116;105;110;121;111;117;114;98;114;111;119;115;101;114;0;0
74;111;111;109;108;97;65;100;109;105;110;105;115;116;114;97;116;105;111;110;76;111;103;105;110;105;110;117;114;108;105;110;100;101;120;112;104;112;0;0;0;0;0;0;0;0;0;0;0;0;0;0;0;0;0;0;0;0;0;0;0;0;0;0;0;0;0;0;0;0;0;0;0;0;0;0;0;0;0
105;110;117;114;108;114;101;115;101;116;112;119;100;125;85;115;101;114;0;0;0;0;0;0;0;0;0;0;0;0;0;0;0;0;0;0;0;0;0;0;0;0;0;0;0;0;0;0;0;0;0;0;0;0;0;0;0;0;0;0;0;0;0;0;0;0;0;0;0;0;0;0;0;0;0;0;0;0;0
105;110;117;114;108;65;100;109;105;110;97;115;112;120;125;76;111;103;105;110;0;0;0;0;0;0;0;0;0;0;0;0;0;0;0;0;0;0;0;0;0;0;0;0;0;0;0;0;0;0;0;0;0;0;0;0;0;0;0;0;0;0;0;0;0;0;0;0;0;0;0;0;0;0;0;0;0;0;0
105;110;116;105;116;108;101;76;111;103;105;110;79;112;101;110;83;116;97;99;107;68;97;115;104;98;111;97;114;100;105;110;117;114;108;100;97;115;104;98;111;97;114;100;0;0;0;0;0;0;0;0;0;0;0;0;0;0;0;0;0;0;0;0;0;0;0;0;0;0;0;0;0;0;0;0;0;0;0
105;110;117;114;108;102;111;114;103;111;116;100;111;106;115;101;115;115;105;111;110;105;100;0;0;0;0;0;0;0;0;0;0;0;0;0;0;0;0;0;0;0;0;0;0;0;0;0;0;0;0;0;0;0;0;0;0;0;0;0;0;0;0;0;0;0;0;0;0;0;0;0;0;0;0;0;0;0;0
105;110;116;105;116;108;101;76;111;103;105;110;76;111;103;105;110;116;111;112;102;83;101;110;115;101;80;97;115;115;119;111;114;100;76;76;67;0;0;0;0;0;0;0;0;0;0;0;0;0;0;0;0;0;0;0;0;0;0;0;0;0;0;0;0;0;0;0;0;0;0;0;0;0;0;0;0;0;0
105;110;117;114;108;97;99;116;105;111;110;112;104;112;108;111;103;105;110;0;0;0;0;0;0;0;0;0;0;0;0;0;0;0;0;0;0;0;0;0;0;0;0;0;0;0;0;0;0;0;0;0;0;0;0;0;0;0;0;0;0;0;0;0;0;0;0;0;0;0;0;0;0;0;0;0;0;0;0
105;110;116;105;116;108;101;86;105;103;111;114;76;111;103;105;110;80;97;103;101;0;0;0;0;0;0;0;0;0;0;0;0;0;0;0;0;0;0;0;0;0;0;0;0;0;0;0;0;0;0;0;0;0;0;0;0;0;0;0;0;0;0;0;0;0;0;0;0;0;0;0;0;0;0;0;0;0;0
105;110;116;105;116;108;101;73;110;116;101;103;114;97;116;101;100;68;101;108;108;82;101;109;111;116;101;65;99;99;101;115;115;67;111;110;116;114;111;108;108;101;114;54;69;110;116;101;114;112;114;105;115;101;0;0;0;0;0;0;0;0;0;0;0;0;0;0;0;0;0;0;0;0;0;0;0;0;0
105;110;116;105;116;108;101;83;111;110;105;99;87;65;76;76;65;117;116;104;101;110;116;105;99;97;116;105;111;110;0;0;0;0;0;0;0;0;0;0;0;0;0;0;0;0;0;0;0;0;0;0;0;0;0;0;0;0;0;0;0;0;0;0;0;0;0;0;0;0;0;0;0;0;0;0;0;0;0
105;110;117;114;108;119;101;98;100;101;118;105;99;101;108;111;103;105;110;108;97;110;103;49;0;0;0;0;0;0;0;0;0;0;0;0;0;0;0;0;0;0;0;0;0;0;0;0;0;0;0;0;0;0;0;0;0;0;0;0;0;0;0;0;0;0;0;0;0;0;0;0;0;0;0;0;0;0;0
105;110;117;114;108;104;116;116;112;115;118;100;105;0;0;0;0;0;0;0;0;0;0;0;0;0;0;0;0;0;0;0;0;0;0;0;0;0;0;0;0;0;0;0;0;0;0;0;0;0;0;0;0;0;0;0;0;0;0;0;0;0;0;0;0;0;0;0;0;0;0;0;0;0;0;0;0;0;0
84;104;105;115;87;101;98;85;73;97;100;109;105;110;105;115;116;114;97;116;105;111;110;116;111;111;108;114;101;113;117;105;114;101;115;115;99;114;105;112;116;105;110;103;115;117;112;112;111;114;116;105;110;116;105;116;108;101;76;111;103;105;110;115;99;111;114;101;0;0;0;0;0;0;0;0;0;0;0
84;104;105;115;87;101;98;85;73;97;100;109;105;110;105;115;116;114;97;116;105;111;110;116;111;111;108;114;101;113;117;105;114;101;115;115;99;114;105;112;116;105;110;103;115;117;112;112;111;114;116;105;110;116;101;120;116;65;100;109;105;110;78;97;109;101;115;99;111;114;101;0;0;0;0;0;0;0;0
105;110;117;114;108;115;107;105;112;65;78;68;82;79;73;68;116;114;117;101;105;110;116;101;120;116;80;121;100;105;111;67;111;109;109;117;110;105;116;121;0;0;0;0;0;0;0;0;0;0;0;0;0;0;0;0;0;0;0;0;0;0;0;0;0;0;0;0;0;0;0;0;0;0;0;0;0;0;0
105;110;117;114;108;104;117;109;97;110;97;115;112;120;114;0;0;0;0;0;0;0;0;0;0;0;0;0;0;0;0;0;0;0;0;0;0;0;0;0;0;0;0;0;0;0;0;0;0;0;0;0;0;0;0;0;0;0;0;0;0;0;0;0;0;0;0;0;0;0;0;0;0;0;0;0;0;0;0
105;110;117;114;108;115;103;100;97;100;109;105;110;83;101;99;117;114;101;71;108;111;98;97;108;68;101;115;107;116;111;112;0;0;0;0;0;0;0;0;0;0;0;0;0;0;0;0;0;0;0;0;0;0;0;0;0;0;0;0;0;0;0;0;0;0;0;0;0;0;0;0;0;0;0;0;0;0;0
105;110;116;105;116;108;101;83;105;103;110;73;110;105;110;117;114;108;97;100;102;115;108;115;119;97;119;115;105;103;110;105;110;49;48;0;0;0;0;0;0;0;0;0;0;0;0;0;0;0;0;0;0;0;0;0;0;0;0;0;0;0;0;0;0;0;0;0;0;0;0;0;0;0;0;0;0;0;0
105;110;117;114;108;108;111;103;105;110;108;111;103;105;110;104;116;109;108;105;110;116;105;116;108;101;71;114;101;101;110;98;111;110;101;83;101;99;117;114;105;116;121;65;115;115;105;115;116;97;110;116;0;0;0;0;0;0;0;0;0;0;0;0;0;0;0;0;0;0;0;0;0;0;0;0;0;0;0
105;110;117;114;108;68;105;97;108;105;110;67;111;110;102;101;114;101;110;99;101;97;115;112;120;0;0;0;0;0;0;0;0;0;0;0;0;0;0;0;0;0;0;0;0;0;0;0;0;0;0;0;0;0;0;0;0;0;0;0;0;0;0;0;0;0;0;0;0;0;0;0;0;0;0;0;0;0;0
90;105;120;109;97;105;108;105;110;117;114;108;115;108;111;103;105;110;0;0;0;0;0;0;0;0;0;0;0;0;0;0;0;0;0;0;0;0;0;0;0;0;0;0;0;0;0;0;0;0;0;0;0;0;0;0;0;0;0;0;0;0;0;0;0;0;0;0;0;0;0;0;0;0;0;0;0;0;0
105;110;117;114;108;114;101;109;111;116;101;108;111;103;105;110;105;110;116;101;120;116;112;108;101;97;115;101;108;111;103;105;110;105;110;116;101;120;116;70;111;114;116;105;84;111;107;101;110;99;108;111;99;107;100;114;105;102;116;100;101;116;101;99;116;101;100;0;0;0;0;0;0;0;0;0;0;0;0
105;110;117;114;108;87;101;98;73;110;116;101;114;102;97;99;101;108;111;103;105;110;104;116;109;108;0;0;0;0;0;0;0;0;0;0;0;0;0;0;0;0;0;0;0;0;0;0;0;0;0;0;0;0;0;0;0;0;0;0;0;0;0;0;0;0;0;0;0;0;0;0;0;0;0;0;0;0;0
105;110;117;114;108;99;105;116;114;105;120;105;110;117;114;108;108;111;103;105;110;97;115;112;115;105;116;101;99;105;116;114;105;120;99;111;109;0;0;0;0;0;0;0;0;0;0;0;0;0;0;0;0;0;0;0;0;0;0;0;0;0;0;0;0;0;0;0;0;0;0;0;0;0;0;0;0;0;0
105;110;116;105;116;108;101;77;79;68;88;67;77;70;77;97;110;97;103;101;114;76;111;103;105;110;0;0;0;0;0;0;0;0;0;0;0;0;0;0;0;0;0;0;0;0;0;0;0;0;0;0;0;0;0;0;0;0;0;0;0;0;0;0;0;0;0;0;0;0;0;0;0;0;0;0;0;0;0
105;110;117;114;108;111;119;110;99;108;111;117;100;105;110;100;101;120;112;104;112;103;105;116;104;117;98;102;111;114;117;109;0;0;0;0;0;0;0;0;0;0;0;0;0;0;0;0;0;0;0;0;0;0;0;0;0;0;0;0;0;0;0;0;0;0;0;0;0;0;0;0;0;0;0;0;0;0;0
102;105;108;101;116;121;112;101;112;119;100;105;110;116;105;116;108;101;105;110;100;101;120;0;0;0;0;0;0;0;0;0;0;0;0;0;0;0;0;0;0;0;0;0;0;0;0;0;0;0;0;0;0;0;0;0;0;0;0;0;0;0;0;0;0;0;0;0;0;0;0;0;0;0;0;0;0;0;0
105;110;117;114;108;101;121;101;111;115;105;110;100;101;120;112;104;112;103;105;116;104;117;98;102;111;114;117;109;0;0;0;0;0;0;0;0;0;0;0;0;0;0;0;0;0;0;0;0;0;0;0;0;0;0;0;0;0;0;0;0;0;0;0;0;0;0;0;0;0;0;0;0;0;0;0;0;0;0
105;110;117;114;108;100;121;110;97;109;105;99;112;104;112;112;97;103;101;109;97;105;108;98;111;120;0;0;0;0;0;0;0;0;0;0;0;0;0;0;0;0;0;0;0;0;0;0;0;0;0;0;0;0;0;0;0;0;0;0;0;0;0;0;0;0;0;0;0;0;0;0;0;0;0;0;0;0;0
105;110;117;114;108;105;110;109;111;116;105;111;110;104;111;115;116;105;110;103;99;111;109;50;48;57;54;0;0;0;0;0;0;0;0;0;0;0;0;0;0;0;0;0;0;0;0;0;0;0;0;0;0;0;0;0;0;0;0;0;0;0;0;0;0;0;0;0;0;0;0;0;0;0;0;0;0;0;0
105;110;117;114;108;82;101;109;111;116;101;108;111;103;111;110;82;101;116;117;114;110;85;114;108;0;0;0;0;0;0;0;0;0;0;0;0;0;0;0;0;0;0;0;0;0;0;0;0;0;0;0;0;0;0;0;0;0;0;0;0;0;0;0;0;0;0;0;0;0;0;0;0;0;0;0;0;0;0
105;110;117;114;108;100;121;110;97;109;105;99;108;111;103;105;110;115;105;109;112;108;101;104;116;109;108;0;0;0;0;0;0;0;0;0;0;0;0;0;0;0;0;0;0;0;0;0;0;0;0;0;0;0;0;0;0;0;0;0;0;0;0;0;0;0;0;0;0;0;0;0;0;0;0;0;0;0;0
105;110;117;114;108;104;116;116;112;115;112;109;97;0;0;0;0;0;0;0;0;0;0;0;0;0;0;0;0;0;0;0;0;0;0;0;0;0;0;0;0;0;0;0;0;0;0;0;0;0;0;0;0;0;0;0;0;0;0;0;0;0;0;0;0;0;0;0;0;0;0;0;0;0;0;0;0;0;0
105;110;117;114;108;105;110;100;101;120;112;104;112;97;112;112;109;97;105;110;105;110;116;105;116;108;101;115;109;115;0;0;0;0;0;0;0;0;0;0;0;0;0;0;0;0;0;0;0;0;0;0;0;0;0;0;0;0;0;0;0;0;0;0;0;0;0;0;0;0;0;0;0;0;0;0;0;0;0
105;110;117;114;108;57;52;52;51;118;115;112;104;101;114;101;99;108;105;101;110;116;0;0;0;0;0;0;0;0;0;0;0;0;0;0;0;0;0;0;0;0;0;0;0;0;0;0;0;0;0;0;0;0;0;0;0;0;0;0;0;0;0;0;0;0;0;0;0;0;0;0;0;0;0;0;0;0;0
105;110;117;114;108;98;97;99;107;111;102;102;105;99;101;105;110;116;105;116;108;101;108;111;103;105;110;0;0;0;0;0;0;0;0;0;0;0;0;0;0;0;0;0;0;0;0;0;0;0;0;0;0;0;0;0;0;0;0;0;0;0;0;0;0;0;0;0;0;0;0;0;0;0;0;0;0;0;0
105;110;116;105;116;108;101;79;110;101;65;99;99;101;115;115;87;67;70;85;115;101;114;110;97;109;101;0;0;0;0;0;0;0;0;0;0;0;0;0;0;0;0;0;0;0;0;0;0;0;0;0;0;0;0;0;0;0;0;0;0;0;0;0;0;0;0;0;0;0;0;0;0;0;0;0;0;0;0
102;105;108;101;116;121;112;101;97;115;112;105;110;116;105;116;108;101;77;105;99;114;111;115;111;102;116;79;117;116;108;111;111;107;87;101;98;65;99;99;101;115;115;0;0;0;0;0;0;0;0;0;0;0;0;0;0;0;0;0;0;0;0;0;0;0;0;0;0;0;0;0;0;0;0;0;0;0;0
105;110;116;105;116;108;101;118;111;111;100;97;99;116;105;110;100;101;120;71;97;116;101;119;97;121;62;76;111;103;105;110;0;0;0;0;0;0;0;0;0;0;0;0;0;0;0;0;0;0;0;0;0;0;0;0;0;0;0;0;0;0;0;0;0;0;0;0;0;0;0;0;0;0;0;0;0;0;0
105;110;116;105;116;108;101;86;79;79;68;87;101;108;99;111;109;101;116;111;86;111;111;100;82;101;115;105;100;101;110;116;105;97;108;71;97;116;101;119;97;121;62;76;111;103;105;110;0;0;0;0;0;0;0;0;0;0;0;0;0;0;0;0;0;0;0;0;0;0;0;0;0;0;0;0;0;0;0
105;110;116;105;116;108;101;76;111;103;105;110;80;97;103;101;105;110;116;101;120;116;80;104;111;110;101;65;100;97;112;116;101;114;67;111;110;102;105;103;117;114;97;116;105;111;110;85;116;105;108;105;116;121;0;0;0;0;0;0;0;0;0;0;0;0;0;0;0;0;0;0;0;0;0;0;0;0;0
105;110;117;114;108;115;97;112;98;99;119;101;98;100;121;110;112;114;111;115;97;112;115;97;112;115;121;115;116;101;109;108;111;103;105;110;111;110;105;110;112;117;116;112;114;111;99;101;115;115;105;110;103;0;0;0;0;0;0;0;0;0;0;0;0;0;0;0;0;0;0;0;0;0;0;0;0;0;0
105;110;116;101;120;116;50;48;48;56;105;110;116;101;120;116;79;112;101;110;69;82;80;83;65;105;110;116;105;116;108;101;76;111;103;105;110;0;0;0;0;0;0;0;0;0;0;0;0;0;0;0;0;0;0;0;0;0;0;0;0;0;0;0;0;0;0;0;0;0;0;0;0;0;0;0;0;0;0
105;110;116;105;116;108;101;76;111;103;105;110;105;110;116;101;120;116;85;115;101;87;101;98;77;101;115;115;97;103;105;110;103;76;105;116;101;0;0;0;0;0;0;0;0;0;0;0;0;0;0;0;0;0;0;0;0;0;0;0;0;0;0;0;0;0;0;0;0;0;0;0;0;0;0;0;0;0;0
105;110;116;101;120;116;80;111;119;101;114;101;100;98;121;110;101;116;50;102;116;112;0;0;0;0;0;0;0;0;0;0;0;0;0;0;0;0;0;0;0;0;0;0;0;0;0;0;0;0;0;0;0;0;0;0;0;0;0;0;0;0;0;0;0;0;0;0;0;0;0;0;0;0;0;0;0;0;0
105;110;116;101;120;116;50;48;49;54;83;65;80;65;71;65;108;108;114;105;103;104;116;115;114;101;115;101;114;118;101;100;105;110;116;105;116;108;101;76;111;103;111;110;0;0;0;0;0;0;0;0;0;0;0;0;0;0;0;0;0;0;0;0;0;0;0;0;0;0;0;0;0;0;0;0;0;0;0
105;110;116;105;116;108;101;76;111;103;111;110;83;65;80;87;101;98;65;112;112;108;105;99;97;116;105;111;110;83;101;114;118;101;114;0;0;0;0;0;0;0;0;0;0;0;0;0;0;0;0;0;0;0;0;0;0;0;0;0;0;0;0;0;0;0;0;0;0;0;0;0;0;0;0;0;0;0;0
105;110;117;114;108;115;97;112;104;114;114;99;102;97;115;116;97;114;116;112;97;103;101;101;120;116;99;97;110;100;105;110;117;114;108;115;97;112;104;114;114;99;102;97;112;119;118;105;97;101;109;97;105;108;101;120;116;101;114;110;0;0;0;0;0;0;0;0;0;0;0;0;0;0;0;0;0;0;0
105;110;117;114;108;115;97;112;115;121;115;116;101;109;108;111;103;105;110;0;0;0;0;0;0;0;0;0;0;0;0;0;0;0;0;0;0;0;0;0;0;0;0;0;0;0;0;0;0;0;0;0;0;0;0;0;0;0;0;0;0;0;0;0;0;0;0;0;0;0;0;0;0;0;0;0;0;0;0
105;110;116;105;116;108;101;82;111;117;116;101;114;79;83;105;110;116;101;120;116;89;111;117;104;97;118;101;99;111;110;110;101;99;116;101;100;116;111;97;114;111;117;116;101;114;65;100;109;105;110;105;115;116;114;97;116;105;118;101;97;99;99;101;115;115;111;110;108;121;0;0;0;0;0;0;0;0;0
105;110;116;105;116;108;101;99;111;110;102;105;103;117;114;97;116;105;111;110;112;97;103;101;105;110;116;101;120;116;89;111;117;104;97;118;101;99;111;110;110;101;99;116;101;100;116;111;97;114;111;117;116;101;114;65;100;109;105;110;105;115;116;114;97;116;105;118;101;97;99;99;101;115;115;111;110;108;121
105;110;116;105;116;108;101;99;111;110;102;105;103;117;114;97;116;105;111;110;112;97;103;101;105;110;116;101;120;116;65;100;109;105;110;105;115;116;114;97;116;105;118;101;97;99;99;101;115;115;111;110;108;121;0;0;0;0;0;0;0;0;0;0;0;0;0;0;0;0;0;0;0;0;0;0;0;0;0
105;110;116;105;116;108;101;72;111;110;101;121;119;101;108;108;88;76;87;101;98;67;111;110;116;114;111;108;108;101;114;76;111;103;105;110;105;110;117;114;108;115;116;97;110;100;97;114;100;100;101;102;97;117;108;116;112;104;112;0;0;0;0;0;0;0;0;0;0;0;0;0;0;0;0;0;0;0;0
105;110;116;105;116;108;101;72;111;110;101;121;119;101;108;108;88;76;87;101;98;67;111;110;116;114;111;108;108;101;114;76;111;103;105;110;105;110;117;114;108;115;116;97;110;100;97;114;100;104;101;97;100;101;114;104;101;97;100;101;114;112;104;112;0;0;0;0;0;0;0;0;0;0;0;0;0;0;0
105;110;116;105;116;108;101;72;111;110;101;121;119;101;108;108;88;76;87;101;98;67;111;110;116;114;111;108;108;101;114;76;111;103;105;110;105;110;117;114;108;115;116;97;110;100;97;114;100;109;97;105;110;102;114;97;109;101;112;104;112;0;0;0;0;0;0;0;0;0;0;0;0;0;0;0;0;0;0
105;110;116;105;116;108;101;72;111;110;101;121;119;101;108;108;88;76;87;101;98;67;111;110;116;114;111;108;108;101;114;76;111;103;105;110;105;110;117;114;108;115;116;97;110;100;97;114;100;102;111;111;116;101;114;102;111;111;116;101;114;112;104;112;0;0;0;0;0;0;0;0;0;0;0;0;0;0;0
105;110;116;105;116;108;101;72;111;110;101;121;119;101;108;108;88;76;87;101;98;67;111;110;116;114;111;108;108;101;114;76;111;103;105;110;105;110;117;114;108;115;116;97;110;100;97;114;100;117;112;100;97;116;101;112;104;112;0;0;0;0;0;0;0;0;0;0;0;0;0;0;0;0;0;0;0;0;0
105;110;116;105;116;108;101;79;112;101;110;98;114;97;118;111;105;110;117;114;108;111;112;101;110;98;114;97;118;111;115;101;99;117;114;105;116;121;76;111;103;105;110;70;83;104;116;109;108;0;0;0;0;0;0;0;0;0;0;0;0;0;0;0;0;0;0;0;0;0;0;0;0;0;0;0;0;0;0
105;110;116;105;116;108;101;79;112;101;110;98;114;97;118;111;105;110;117;114;108;111;112;101;110;98;114;97;118;111;115;101;99;117;114;105;116;121;76;111;103;105;110;87;101;108;99;111;109;101;104;116;109;108;0;0;0;0;0;0;0;0;0;0;0;0;0;0;0;0;0;0;0;0;0;0;0;0;0
105;110;116;105;116;108;101;79;112;101;110;98;114;97;118;111;105;110;117;114;108;111;112;101;110;98;114;97;118;111;115;101;99;117;114;105;116;121;76;111;103;105;110;70;49;104;116;109;108;0;0;0;0;0;0;0;0;0;0;0;0;0;0;0;0;0;0;0;0;0;0;0;0;0;0;0;0;0;0
105;110;116;105;116;108;101;79;112;101;110;98;114;97;118;111;105;110;117;114;108;111;112;101;110;98;114;97;118;111;115;101;99;117;114;105;116;121;76;111;103;105;110;70;48;104;116;109;108;0;0;0;0;0;0;0;0;0;0;0;0;0;0;0;0;0;0;0;0;0;0;0;0;0;0;0;0;0;0
105;110;116;105;116;108;101;109;105;107;114;111;116;105;107;114;111;117;116;101;114;111;115;62;97;100;109;105;110;105;115;116;114;97;116;105;111;110;105;110;116;101;120;116;109;105;107;114;111;116;105;107;114;111;117;116;101;114;111;115;0;0;0;0;0;0;0;0;0;0;0;0;0;0;0;0;0;0;0
105;110;116;105;116;108;101;109;105;107;114;111;116;105;107;114;111;117;116;101;114;111;115;62;97;100;109;105;110;105;115;116;114;97;116;105;111;110;105;110;116;101;120;116;99;111;110;102;105;103;117;114;97;116;105;111;110;112;97;103;101;100;101;109;111;0;0;0;0;0;0;0;0;0;0;0;0;0;0
105;110;116;105;116;108;101;109;105;107;114;111;116;105;107;114;111;117;116;101;114;111;115;62;97;100;109;105;110;105;115;116;114;97;116;105;111;110;105;110;116;101;120;116;77;105;107;114;111;116;105;107;0;0;0;0;0;0;0;0;0;0;0;0;0;0;0;0;0;0;0;0;0;0;0;0;0;0;0
105;110;116;105;116;108;101;109;105;107;114;111;116;105;107;114;111;117;116;101;114;111;115;62;97;100;109;105;110;105;115;116;114;97;116;105;111;110;105;110;116;101;120;116;82;111;117;116;101;114;79;83;0;0;0;0;0;0;0;0;0;0;0;0;0;0;0;0;0;0;0;0;0;0;0;0;0;0;0
105;110;116;105;116;108;101;109;105;107;114;111;116;105;107;114;111;117;116;101;114;111;115;62;97;100;109;105;110;105;115;116;114;97;116;105;111;110;105;110;116;101;120;116;77;105;107;114;111;116;105;107;108;111;103;111;0;0;0;0;0;0;0;0;0;0;0;0;0;0;0;0;0;0;0;0;0;0;0
105;110;117;114;108;108;111;103;105;110;112;104;112;97;99;116;105;111;110;114;101;99;111;118;101;114;0;0;0;0;0;0;0;0;0;0;0;0;0;0;0;0;0;0;0;0;0;0;0;0;0;0;0;0;0;0;0;0;0;0;0;0;0;0;0;0;0;0;0;0;0;0;0;0;0;0;0;0;0
105;110;117;114;108;68;97;110;97;73;110;102;111;0;0;0;0;0;0;0;0;0;0;0;0;0;0;0;0;0;0;0;0;0;0;0;0;0;0;0;0;0;0;0;0;0;0;0;0;0;0;0;0;0;0;0;0;0;0;0;0;0;0;0;0;0;0;0;0;0;0;0;0;0;0;0;0;0;0
105;110;116;105;116;108;101;68;105;114;101;99;116;65;100;109;105;110;76;111;103;105;110;80;108;101;97;115;101;101;110;116;101;114;121;111;117;114;85;115;101;114;110;97;109;101;97;110;100;80;97;115;115;119;111;114;100;0;0;0;0;0;0;0;0;0;0;0;0;0;0;0;0;0;0;0;0;0;0
105;110;117;114;108;56;48;48;48;105;110;117;114;108;108;111;103;105;110;0;0;0;0;0;0;0;0;0;0;0;0;0;0;0;0;0;0;0;0;0;0;0;0;0;0;0;0;0;0;0;0;0;0;0;0;0;0;0;0;0;0;0;0;0;0;0;0;0;0;0;0;0;0;0;0;0;0;0;0
105;110;116;105;116;108;101;70;105;114;115;116;83;112;105;114;105;116;108;111;103;105;110;0;0;0;0;0;0;0;0;0;0;0;0;0;0;0;0;0;0;0;0;0;0;0;0;0;0;0;0;0;0;0;0;0;0;0;0;0;0;0;0;0;0;0;0;0;0;0;0;0;0;0;0;0;0;0;0
105;110;116;105;116;108;101;68;76;105;110;107;86;111;73;80;82;111;117;116;101;114;87;101;108;99;111;109;101;0;0;0;0;0;0;0;0;0;0;0;0;0;0;0;0;0;0;0;0;0;0;0;0;0;0;0;0;0;0;0;0;0;0;0;0;0;0;0;0;0;0;0;0;0;0;0;0;0;0
105;110;116;105;116;108;101;65;83;85;83;76;111;103;105;110;83;73;71;78;73;78;0;0;0;0;0;0;0;0;0;0;0;0;0;0;0;0;0;0;0;0;0;0;0;0;0;0;0;0;0;0;0;0;0;0;0;0;0;0;0;0;0;0;0;0;0;0;0;0;0;0;0;0;0;0;0;0;0
105;110;116;105;116;108;101;72;101;108;109;84;104;101;87;101;98;72;111;115;116;105;110;103;67;111;110;116;114;111;108;83;121;115;116;101;109;0;0;0;0;0;0;0;0;0;0;0;0;0;0;0;0;0;0;0;0;0;0;0;0;0;0;0;0;0;0;0;0;0;0;0;0;0;0;0;0;0;0
105;110;117;114;108;65;84;97;100;109;105;110;99;103;105;105;110;116;105;116;108;101;108;111;103;105;110;112;114;105;118;97;116;101;101;109;112;108;111;121;101;101;105;110;116;114;97;110;101;116;97;100;109;105;110;0;0;0;0;0;0;0;0;0;0;0;0;0;0;0;0;0;0;0;0;0;0;0;0
105;110;117;114;108;108;111;103;105;110;100;111;105;110;116;101;120;116;103;111;118;101;114;110;109;101;110;116;0;0;0;0;0;0;0;0;0;0;0;0;0;0;0;0;0;0;0;0;0;0;0;0;0;0;0;0;0;0;0;0;0;0;0;0;0;0;0;0;0;0;0;0;0;0;0;0;0;0;0
105;110;116;105;116;108;101;87;101;108;99;111;109;101;80;82;84;71;78;101;116;119;111;114;107;77;111;110;105;116;111;114;105;110;117;114;108;105;110;100;101;120;104;116;109;0;0;0;0;0;0;0;0;0;0;0;0;0;0;0;0;0;0;0;0;0;0;0;0;0;0;0;0;0;0;0;0;0;0
105;110;117;114;108;65;105;114;87;97;116;99;104;76;111;103;105;110;0;0;0;0;0;0;0;0;0;0;0;0;0;0;0;0;0;0;0;0;0;0;0;0;0;0;0;0;0;0;0;0;0;0;0;0;0;0;0;0;0;0;0;0;0;0;0;0;0;0;0;0;0;0;0;0;0;0;0;0;0
105;110;117;114;108;111;97;109;115;101;114;118;101;114;111;98;114;97;114;101;113;99;103;105;101;120;116;101;110;99;113;117;101;114;121;101;120;116;80;111;114;116;97;108;87;101;98;99;101;110;116;101;114;0;0;0;0;0;0;0;0;0;0;0;0;0;0;0;0;0;0;0;0;0;0;0;0;0;0
105;110;117;114;108;119;101;108;99;111;109;101;99;103;105;112;110;111;99;101;114;116;0;0;0;0;0;0;0;0;0;0;0;0;0;0;0;0;0;0;0;0;0;0;0;0;0;0;0;0;0;0;0;0;0;0;0;0;0;0;0;0;0;0;0;0;0;0;0;0;0;0;0;0;0;0;0;0;0
105;110;117;114;108;105;110;116;114;97;110;101;116;105;110;116;101;120;116;105;110;116;114;97;110;101;116;0;0;0;0;0;0;0;0;0;0;0;0;0;0;0;0;0;0;0;0;0;0;0;0;0;0;0;0;0;0;0;0;0;0;0;0;0;0;0;0;0;0;0;0;0;0;0;0;0;0;0;0
105;110;117;114;108;116;109;117;105;108;111;103;105;110;106;115;112;0;0;0;0;0;0;0;0;0;0;0;0;0;0;0;0;0;0;0;0;0;0;0;0;0;0;0;0;0;0;0;0;0;0;0;0;0;0;0;0;0;0;0;0;0;0;0;0;0;0;0;0;0;0;0;0;0;0;0;0;0;0
101;120;116;104;116;109;108;105;110;116;101;120;116;65;105;114;116;105;101;115;105;110;117;114;108;108;111;103;105;110;104;116;109;108;0;0;0;0;0;0;0;0;0;0;0;0;0;0;0;0;0;0;0;0;0;0;0;0;0;0;0;0;0;0;0;0;0;0;0;0;0;0;0;0;0;0;0;0;0
105;110;116;105;116;108;101;76;111;115;116;80;97;115;115;119;111;114;100;82;101;115;101;116;105;110;117;114;108;115;101;99;117;114;101;112;119;114;101;115;101;116;112;104;112;105;110;117;114;108;112;111;114;116;97;108;105;110;100;101;120;112;104;112;0;0;0;0;0;0;0;0;0;0;0;0;0;0;0
105;110;116;105;116;108;101;77;105;99;114;111;115;111;102;116;79;117;116;108;111;111;107;87;101;98;65;99;99;101;115;115;76;111;103;79;110;105;110;117;114;108;111;119;97;97;117;116;104;108;111;103;111;110;97;115;112;120;0;0;0;0;0;0;0;0;0;0;0;0;0;0;0;0;0;0;0;0;0
105;110;117;114;108;119;101;98;108;111;103;105;110;97;115;112;120;0;0;0;0;0;0;0;0;0;0;0;0;0;0;0;0;0;0;0;0;0;0;0;0;0;0;0;0;0;0;0;0;0;0;0;0;0;0;0;0;0;0;0;0;0;0;0;0;0;0;0;0;0;0;0;0;0;0;0;0;0;0
105;110;117;114;108;99;103;105;98;105;110;77;65;78;71;65;105;110;100;101;120;99;103;105;0;0;0;0;0;0;0;0;0;0;0;0;0;0;0;0;0;0;0;0;0;0;0;0;0;0;0;0;0;0;0;0;0;0;0;0;0;0;0;0;0;0;0;0;0;0;0;0;0;0;0;0;0;0;0
105;110;116;105;116;108;101;77;97;105;108;65;102;116;101;114;76;111;103;105;99;87;101;98;77;97;105;108;0;0;0;0;0;0;0;0;0;0;0;0;0;0;0;0;0;0;0;0;0;0;0;0;0;0;0;0;0;0;0;0;0;0;0;0;0;0;0;0;0;0;0;0;0;0;0;0;0;0;0
105;110;116;105;116;108;101;70;111;111;116;80;114;105;110;116;115;76;111;103;105;110;105;110;117;114;108;77;82;99;103;105;77;82;101;110;116;114;97;110;99;101;80;97;103;101;112;108;0;0;0;0;0;0;0;0;0;0;0;0;0;0;0;0;0;0;0;0;0;0;0;0;0;0;0;0;0;0;0
105;110;117;114;108;103;111;118;119;112;108;111;103;105;110;112;104;112;105;110;117;114;108;101;100;117;119;112;108;111;103;105;110;112;104;112;105;110;117;114;108;109;105;108;119;112;108;111;103;105;110;112;104;112;105;110;117;114;108;117;115;119;112;108;111;103;105;110;112;104;112;0;0;0;0;0;0;0;0
105;110;116;105;116;108;101;65;80;82;111;117;116;101;114;78;101;119;71;101;110;101;114;97;116;105;111;110;105;110;117;114;108;104;111;109;101;97;115;112;0;0;0;0;0;0;0;0;0;0;0;0;0;0;0;0;0;0;0;0;0;0;0;0;0;0;0;0;0;0;0;0;0;0;0;0;0;0;0
105;110;117;114;108;104;116;116;112;99;97;110;118;97;115;105;110;117;114;108;104;116;116;112;115;99;97;110;118;97;115;105;110;116;105;116;108;101;76;111;103;73;110;116;111;67;97;110;118;97;115;0;0;0;0;0;0;0;0;0;0;0;0;0;0;0;0;0;0;0;0;0;0;0;0;0;0;0;0
105;110;116;105;116;108;101;87;111;114;107;115;112;97;99;101;76;111;103;105;110;105;110;116;101;120;116;87;105;110;79;99;117;108;97;114;87;111;114;107;83;112;97;99;101;0;0;0;0;0;0;0;0;0;0;0;0;0;0;0;0;0;0;0;0;0;0;0;0;0;0;0;0;0;0;0;0;0;0
105;110;117;114;108;104;116;116;112;115;98;108;97;99;107;98;111;97;114;100;105;110;117;114;108;104;116;116;112;98;108;97;99;107;98;111;97;114;100;0;0;0;0;0;0;0;0;0;0;0;0;0;0;0;0;0;0;0;0;0;0;0;0;0;0;0;0;0;0;0;0;0;0;0;0;0;0;0;0
105;110;116;105;116;108;101;83;109;97;114;116;101;114;77;97;105;108;76;111;103;105;110;105;110;117;114;108;76;111;103;105;110;97;115;112;120;0;0;0;0;0;0;0;0;0;0;0;0;0;0;0;0;0;0;0;0;0;0;0;0;0;0;0;0;0;0;0;0;0;0;0;0;0;0;0;0;0;0
105;110;117;114;108;104;116;116;112;99;109;115;105;110;117;114;108;104;116;116;112;115;99;109;115;108;111;103;105;110;108;111;103;111;110;97;100;109;105;110;115;99;104;111;111;108;0;0;0;0;0;0;0;0;0;0;0;0;0;0;0;0;0;0;0;0;0;0;0;0;0;0;0;0;0;0;0;0;0
105;110;117;114;108;112;111;114;116;97;108;105;110;116;105;116;108;101;112;111;114;116;97;108;108;111;103;105;110;108;111;103;111;110;97;100;109;105;110;105;110;117;114;108;112;97;116;105;101;110;116;105;110;116;105;116;108;101;112;97;116;105;101;110;116;0;0;0;0;0;0;0;0;0;0;0;0;0;0
105;110;117;114;108;119;101;98;103;112;115;105;110;116;105;116;108;101;71;80;83;77;111;110;105;116;111;114;105;110;103;83;121;115;116;101;109;0;0;0;0;0;0;0;0;0;0;0;0;0;0;0;0;0;0;0;0;0;0;0;0;0;0;0;0;0;0;0;0;0;0;0;0;0;0;0;0;0;0
105;110;117;114;108;109;121;108;111;103;111;110;112;104;112;51;0;0;0;0;0;0;0;0;0;0;0;0;0;0;0;0;0;0;0;0;0;0;0;0;0;0;0;0;0;0;0;0;0;0;0;0;0;0;0;0;0;0;0;0;0;0;0;0;0;0;0;0;0;0;0;0;0;0;0;0;0;0;0
105;110;117;114;108;97;103;99;118;105;99;105;100;105;97;108;112;104;112;0;0;0;0;0;0;0;0;0;0;0;0;0;0;0;0;0;0;0;0;0;0;0;0;0;0;0;0;0;0;0;0;0;0;0;0;0;0;0;0;0;0;0;0;0;0;0;0;0;0;0;0;0;0;0;0;0;0;0;0
105;110;116;105;116;108;101;80;97;114;97;108;108;101;108;115;80;108;101;115;107;80;97;110;101;108;102;111;114;77;105;99;114;111;115;111;102;116;87;105;110;100;111;119;115;108;111;103;105;110;117;112;112;104;112;51;0;0;0;0;0;0;0;0;0;0;0;0;0;0;0;0;0;0;0;0;0;0;0
105;110;117;114;108;105;109;97;112;117;115;101;114;77;97;105;108;87;101;108;99;111;109;101;116;111;72;111;114;100;101;105;109;112;108;111;103;105;110;112;104;112;112;97;115;115;119;111;114;100;0;0;0;0;0;0;0;0;0;0;0;0;0;0;0;0;0;0;0;0;0;0;0;0;0;0;0;0;0
105;110;116;105;116;108;101;79;114;97;99;108;101;80;101;111;112;108;101;83;111;102;116;83;105;103;110;105;110;79;114;97;99;108;101;83;105;103;110;105;110;101;114;114;111;114;0;0;0;0;0;0;0;0;0;0;0;0;0;0;0;0;0;0;0;0;0;0;0;0;0;0;0;0;0;0;0;0;0
105;110;117;114;108;119;97;112;76;111;103;105;110;80;111;108;105;99;121;106;115;112;0;0;0;0;0;0;0;0;0;0;0;0;0;0;0;0;0;0;0;0;0;0;0;0;0;0;0;0;0;0;0;0;0;0;0;0;0;0;0;0;0;0;0;0;0;0;0;0;0;0;0;0;0;0;0;0;0
105;110;116;105;116;108;101;76;111;103;111;110;79;114;100;101;114;67;108;111;117;100;117;105;108;111;103;111;110;97;115;112;120;0;0;0;0;0;0;0;0;0;0;0;0;0;0;0;0;0;0;0;0;0;0;0;0;0;0;0;0;0;0;0;0;0;0;0;0;0;0;0;0;0;0;0;0;0;0
105;110;116;105;116;108;101;73;66;77;76;111;116;117;115;105;78;111;116;101;115;76;111;103;105;110;0;0;0;0;0;0;0;0;0;0;0;0;0;0;0;0;0;0;0;0;0;0;0;0;0;0;0;0;0;0;0;0;0;0;0;0;0;0;0;0;0;0;0;0;0;0;0;0;0;0;0;0;0
105;110;116;105;116;108;101;73;110;116;101;114;87;111;114;120;67;80;70;111;114;103;111;116;121;111;117;114;112;97;115;115;119;111;114;100;0;0;0;0;0;0;0;0;0;0;0;0;0;0;0;0;0;0;0;0;0;0;0;0;0;0;0;0;0;0;0;0;0;0;0;0;0;0;0;0;0;0;0
105;110;117;114;108;67;105;116;114;105;120;77;101;116;97;102;114;97;109;101;88;80;0;0;0;0;0;0;0;0;0;0;0;0;0;0;0;0;0;0;0;0;0;0;0;0;0;0;0;0;0;0;0;0;0;0;0;0;0;0;0;0;0;0;0;0;0;0;0;0;0;0;0;0;0;0;0;0;0
65;117;116;104;105;110;117;114;108;119;101;108;99;111;109;101;101;120;116;99;103;105;0;0;0;0;0;0;0;0;0;0;0;0;0;0;0;0;0;0;0;0;0;0;0;0;0;0;0;0;0;0;0;0;0;0;0;0;0;0;0;0;0;0;0;0;0;0;0;0;0;0;0;0;0;0;0;0;0
105;110;116;101;120;116;80;108;101;97;115;101;65;117;116;104;101;110;116;105;99;97;116;101;105;110;116;105;116;108;101;80;101;97;107;102;108;111;119;0;0;0;0;0;0;0;0;0;0;0;0;0;0;0;0;0;0;0;0;0;0;0;0;0;0;0;0;0;0;0;0;0;0;0;0;0;0;0;0
105;110;117;114;108;108;111;103;111;110;104;116;109;108;67;83;67;79;69;0;0;0;0;0;0;0;0;0;0;0;0;0;0;0;0;0;0;0;0;0;0;0;0;0;0;0;0;0;0;0;0;0;0;0;0;0;0;0;0;0;0;0;0;0;0;0;0;0;0;0;0;0;0;0;0;0;0;0;0
105;110;116;105;116;108;101;70;82;73;84;90;66;111;120;105;110;117;114;108;108;111;103;105;110;108;117;97;0;0;0;0;0;0;0;0;0;0;0;0;0;0;0;0;0;0;0;0;0;0;0;0;0;0;0;0;0;0;0;0;0;0;0;0;0;0;0;0;0;0;0;0;0;0;0;0;0;0;0
105;110;116;105;116;108;101;118;105;114;116;117;97;108;111;102;102;105;99;101;115;111;110;105;99;119;97;108;108;100;111;109;97;105;110;0;0;0;0;0;0;0;0;0;0;0;0;0;0;0;0;0;0;0;0;0;0;0;0;0;0;0;0;0;0;0;0;0;0;0;0;0;0;0;0;0;0;0;0
105;110;116;105;116;108;101;105;110;100;101;120;105;110;116;101;120;116;76;111;103;105;110;116;111;116;104;101;65;100;109;105;110;105;115;116;114;97;116;105;118;101;73;110;116;101;114;102;97;99;101;0;0;0;0;0;0;0;0;0;0;0;0;0;0;0;0;0;0;0;0;0;0;0;0;0;0;0;0
105;110;116;105;116;108;101;90;105;109;98;114;97;87;101;98;67;108;105;101;110;116;76;111;103;73;110;0;0;0;0;0;0;0;0;0;0;0;0;0;0;0;0;0;0;0;0;0;0;0;0;0;0;0;0;0;0;0;0;0;0;0;0;0;0;0;0;0;0;0;0;0;0;0;0;0;0;0;0
105;110;116;105;116;108;101;90;105;109;98;114;97;87;101;98;67;108;105;101;110;116;83;105;103;110;73;110;0;0;0;0;0;0;0;0;0;0;0;0;0;0;0;0;0;0;0;0;0;0;0;0;0;0;0;0;0;0;0;0;0;0;0;0;0;0;0;0;0;0;0;0;0;0;0;0;0;0;0
105;110;117;114;108;116;121;112;111;51;105;110;115;116;97;108;108;105;110;100;101;120;112;104;112;109;111;100;101;0;0;0;0;0;0;0;0;0;0;0;0;0;0;0;0;0;0;0;0;0;0;0;0;0;0;0;0;0;0;0;0;0;0;0;0;0;0;0;0;0;0;0;0;0;0;0;0;0;0
105;110;117;114;108;67;105;116;114;105;120;88;101;110;65;112;112;97;117;116;104;108;111;103;105;110;97;115;112;120;0;0;0;0;0;0;0;0;0;0;0;0;0;0;0;0;0;0;0;0;0;0;0;0;0;0;0;0;0;0;0;0;0;0;0;0;0;0;0;0;0;0;0;0;0;0;0;0;0
105;110;116;105;116;108;101;65;100;109;105;110;105;110;117;114;108;108;111;103;105;110;112;104;112;0;0;0;0;0;0;0;0;0;0;0;0;0;0;0;0;0;0;0;0;0;0;0;0;0;0;0;0;0;0;0;0;0;0;0;0;0;0;0;0;0;0;0;0;0;0;0;0;0;0;0;0;0;0
97;108;108;105;110;117;114;108;122;105;109;98;114;97;122;105;110;105;116;109;111;100;101;104;116;116;112;103;111;111;103;108;101;103;105;116;104;117;98;0;0;0;0;0;0;0;0;0;0;0;0;0;0;0;0;0;0;0;0;0;0;0;0;0;0;0;0;0;0;0;0;0;0;0;0;0;0;0;0
97;108;108;105;110;117;114;108;109;97;105;110;97;117;116;104;112;114;111;102;105;108;101;112;104;112;103;105;116;104;117;98;103;111;111;103;108;101;0;0;0;0;0;0;0;0;0;0;0;0;0;0;0;0;0;0;0;0;0;0;0;0;0;0;0;0;0;0;0;0;0;0;0;0;0;0;0;0;0
105;110;117;114;108;97;100;109;105;110;105;115;116;114;97;116;111;114;105;110;100;101;120;112;104;112;97;117;116;111;108;111;103;105;110;49;0;0;0;0;0;0;0;0;0;0;0;0;0;0;0;0;0;0;0;0;0;0;0;0;0;0;0;0;0;0;0;0;0;0;0;0;0;0;0;0;0;0;0
105;110;117;114;108;100;97;116;97;110;97;110;111;97;100;109;105;110;112;104;112;0;0;0;0;0;0;0;0;0;0;0;0;0;0;0;0;0;0;0;0;0;0;0;0;0;0;0;0;0;0;0;0;0;0;0;0;0;0;0;0;0;0;0;0;0;0;0;0;0;0;0;0;0;0;0;0;0;0
105;110;117;114;108;106;101;110;107;105;110;115;108;111;103;105;110;80;97;103;101;103;101;110;101;114;97;116;101;100;0;0;0;0;0;0;0;0;0;0;0;0;0;0;0;0;0;0;0;0;0;0;0;0;0;0;0;0;0;0;0;0;0;0;0;0;0;0;0;0;0;0;0;0;0;0;0;0;0
97;108;108;105;110;117;114;108;111;119;97;97;117;116;104;108;111;103;111;110;97;115;112;120;103;111;111;103;108;101;103;105;116;104;117;98;0;0;0;0;0;0;0;0;0;0;0;0;0;0;0;0;0;0;0;0;0;0;0;0;0;0;0;0;0;0;0;0;0;0;0;0;0;0;0;0;0;0;0
105;110;117;114;108;109;111;100;117;108;101;112;104;112;99;111;114;101;108;111;103;105;110;117;115;101;114;112;97;115;115;112;104;112;0;0;0;0;0;0;0;0;0;0;0;0;0;0;0;0;0;0;0;0;0;0;0;0;0;0;0;0;0;0;0;0;0;0;0;0;0;0;0;0;0;0;0;0;0
105;110;116;105;116;108;101;67;111;109;114;101;120;65;67;67;69;83;83;82;97;99;107;0;0;0;0;0;0;0;0;0;0;0;0;0;0;0;0;0;0;0;0;0;0;0;0;0;0;0;0;0;0;0;0;0;0;0;0;0;0;0;0;0;0;0;0;0;0;0;0;0;0;0;0;0;0;0;0
105;110;116;105;116;108;101;73;110;116;101;114;110;101;116;83;101;99;117;114;105;116;121;65;112;112;108;105;97;110;99;101;105;110;116;101;120;116;69;110;116;101;114;80;97;115;115;119;111;114;100;97;110;100;99;108;105;99;107;76;111;103;105;110;0;0;0;0;0;0;0;0;0;0;0;0;0;0;0
105;110;116;105;116;108;101;87;101;108;99;111;109;101;116;111;116;104;101;87;101;98;66;97;115;101;100;67;111;110;102;105;103;117;114;97;116;111;114;0;0;0;0;0;0;0;0;0;0;0;0;0;0;0;0;0;0;0;0;0;0;0;0;0;0;0;0;0;0;0;0;0;0;0;0;0;0;0;0
105;110;116;105;116;108;101;87;101;108;99;111;109;101;116;111;121;111;117;114;114;111;117;116;101;114;67;111;110;102;105;103;117;114;97;116;105;111;110;73;110;116;101;114;102;97;99;101;0;0;0;0;0;0;0;0;0;0;0;0;0;0;0;0;0;0;0;0;0;0;0;0;0;0;0;0;0;0;0
105;110;117;114;108;115;101;99;117;114;101;68;97;115;104;98;111;97;114;100;106;115;112;97;105;110;116;105;116;108;101;83;121;115;116;101;109;68;97;115;104;98;111;97;114;100;0;0;0;0;0;0;0;0;0;0;0;0;0;0;0;0;0;0;0;0;0;0;0;0;0;0;0;0;0;0;0;0;0
105;110;116;105;116;108;101;76;111;103;105;110;79;84;82;83;105;110;117;114;108;112;108;0;0;0;0;0;0;0;0;0;0;0;0;0;0;0;0;0;0;0;0;0;0;0;0;0;0;0;0;0;0;0;0;0;0;0;0;0;0;0;0;0;0;0;0;0;0;0;0;0;0;0;0;0;0;0;0
105;110;116;105;116;108;101;86;78;67;86;105;101;119;101;114;102;111;114;74;97;118;97;0;0;0;0;0;0;0;0;0;0;0;0;0;0;0;0;0;0;0;0;0;0;0;0;0;0;0;0;0;0;0;0;0;0;0;0;0;0;0;0;0;0;0;0;0;0;0;0;0;0;0;0;0;0;0;0
105;110;116;105;116;108;101;67;105;115;99;111;73;110;116;101;103;114;97;116;101;100;77;97;110;97;103;101;109;101;110;116;67;111;110;116;114;111;108;108;101;114;76;111;103;105;110;0;0;0;0;0;0;0;0;0;0;0;0;0;0;0;0;0;0;0;0;0;0;0;0;0;0;0;0;0;0;0;0
105;110;117;114;108;100;97;115;100;101;99;100;97;115;100;101;99;99;115;112;0;0;0;0;0;0;0;0;0;0;0;0;0;0;0;0;0;0;0;0;0;0;0;0;0;0;0;0;0;0;0;0;0;0;0;0;0;0;0;0;0;0;0;0;0;0;0;0;0;0;0;0;0;0;0;0;0;0;0
105;110;116;105;116;108;101;87;101;98;77;97;105;108;76;111;103;105;110;105;110;116;101;120;116;85;115;101;114;110;97;109;101;0;0;0;0;0;0;0;0;0;0;0;0;0;0;0;0;0;0;0;0;0;0;0;0;0;0;0;0;0;0;0;0;0;0;0;0;0;0;0;0;0;0;0;0;0;0
105;110;116;105;116;108;101;87;101;98;77;97;105;108;76;111;103;105;110;105;110;116;101;120;116;80;97;115;115;119;111;114;100;0;0;0;0;0;0;0;0;0;0;0;0;0;0;0;0;0;0;0;0;0;0;0;0;0;0;0;0;0;0;0;0;0;0;0;0;0;0;0;0;0;0;0;0;0;0
105;110;116;105;116;108;101;80;111;119;101;114;101;100;98;121;87;105;110;109;97;105;108;83;101;114;118;101;114;76;111;103;105;110;105;110;116;101;120;116;85;115;101;114;110;97;109;101;0;0;0;0;0;0;0;0;0;0;0;0;0;0;0;0;0;0;0;0;0;0;0;0;0;0;0;0;0;0;0
105;110;116;105;116;108;101;80;111;119;101;114;101;100;98;121;87;105;110;109;97;105;108;83;101;114;118;101;114;76;111;103;105;110;105;110;116;101;120;116;80;97;115;115;119;111;114;100;0;0;0;0;0;0;0;0;0;0;0;0;0;0;0;0;0;0;0;0;0;0;0;0;0;0;0;0;0;0;0
105;110;116;101;120;116;73;109;117;115;105;110;103;97;112;117;98;108;105;99;111;114;115;104;97;114;101;100;99;111;109;112;117;116;101;114;105;110;116;101;120;116;82;101;109;111;116;101;87;101;98;87;111;114;107;112;108;97;99;101;0;0;0;0;0;0;0;0;0;0;0;0;0;0;0;0;0;0;0
105;110;117;114;108;115;101;99;117;114;101;108;111;103;105;110;97;115;112;120;0;0;0;0;0;0;0;0;0;0;0;0;0;0;0;0;0;0;0;0;0;0;0;0;0;0;0;0;0;0;0;0;0;0;0;0;0;0;0;0;0;0;0;0;0;0;0;0;0;0;0;0;0;0;0;0;0;0;0
105;110;117;114;108;56;48;56;48;105;110;116;105;116;108;101;108;111;103;105;110;105;110;116;101;120;116;85;115;101;114;76;111;103;105;110;69;110;103;108;105;115;104;0;0;0;0;0;0;0;0;0;0;0;0;0;0;0;0;0;0;0;0;0;0;0;0;0;0;0;0;0;0;0;0;0;0;0;0
105;110;116;105;116;108;101;76;111;103;105;110;105;110;116;101;120;116;67;117;115;116;111;109;101;114;76;111;103;105;110;65;110;121;116;105;109;101;65;110;121;119;104;101;114;101;0;0;0;0;0;0;0;0;0;0;0;0;0;0;0;0;0;0;0;0;0;0;0;0;0;0;0;0;0;0;0;0;0
105;110;117;114;108;112;104;112;109;121;97;100;109;105;110;105;110;100;101;120;112;104;112;105;110;116;101;120;116;117;115;101;114;110;97;109;101;112;97;115;115;119;111;114;100;87;101;108;99;111;109;101;116;111;0;0;0;0;0;0;0;0;0;0;0;0;0;0;0;0;0;0;0;0;0;0;0;0;0
87;101;108;99;111;109;101;116;111;112;104;112;77;121;65;100;109;105;110;85;115;101;114;110;97;109;101;80;97;115;115;119;111;114;100;76;97;110;103;117;97;103;101;65;102;114;105;107;97;97;110;115;0;0;0;0;0;0;0;0;0;0;0;0;0;0;0;0;0;0;0;0;0;0;0;0;0;0;0
105;110;117;114;108;53;48;48;48;119;101;98;109;97;110;105;110;100;101;120;99;103;105;0;0;0;0;0;0;0;0;0;0;0;0;0;0;0;0;0;0;0;0;0;0;0;0;0;0;0;0;0;0;0;0;0;0;0;0;0;0;0;0;0;0;0;0;0;0;0;0;0;0;0;0;0;0;0;0
83;101;114;118;85;99;67;111;112;121;114;105;103;104;116;49;57;57;53;50;48;49;51;82;104;105;110;111;83;111;102;116;119;97;114;101;73;110;99;65;108;108;82;105;103;104;116;115;82;101;115;101;114;118;101;100;0;0;0;0;0;0;0;0;0;0;0;0;0;0;0;0;0;0;0;0;0;0;0
105;110;116;101;120;116;67;111;109;112;117;116;101;114;77;105;115;117;115;101;65;99;116;105;110;117;114;108;108;111;103;105;110;97;115;112;120;0;0;0;0;0;0;0;0;0;0;0;0;0;0;0;0;0;0;0;0;0;0;0;0;0;0;0;0;0;0;0;0;0;0;0;0;0;0;0;0;0;0
105;110;116;101;120;116;89;79;85;65;82;69;65;67;67;69;83;83;73;78;71;65;71;79;86;69;82;78;77;69;78;84;73;78;70;79;82;77;65;84;73;79;78;83;89;83;84;69;77;105;110;117;114;108;108;111;103;105;110;97;115;112;120;0;0;0;0;0;0;0;0;0;0;0;0;0;0;0;0
105;110;116;101;120;116;84;72;73;83;73;83;65;80;82;73;86;65;84;69;83;89;83;84;69;77;65;85;84;72;79;82;73;83;69;68;65;67;67;69;83;83;79;78;76;89;105;110;117;114;108;108;111;103;105;110;97;115;112;120;0;0;0;0;0;0;0;0;0;0;0;0;0;0;0;0;0;0;0
97;108;108;105;110;116;101;120;116;80;108;101;97;115;101;108;111;103;105;110;116;111;99;111;110;116;105;110;117;101;90;84;69;67;111;114;112;111;114;97;116;105;111;110;65;108;108;114;105;103;104;116;115;114;101;115;101;114;118;101;100;0;0;0;0;0;0;0;0;0;0;0;0;0;0;0;0;0;0
115;105;116;101;108;111;103;105;110;0;0;0;0;0;0;0;0;0;0;0;0;0;0;0;0;0;0;0;0;0;0;0;0;0;0;0;0;0;0;0;0;0;0;0;0;0;0;0;0;0;0;0;0;0;0;0;0;0;0;0;0;0;0;0;0;0;0;0;0;0;0;0;0;0;0;0;0;0;0
121;111;117;114;101;97;108;108;121;115;104;111;117;108;100;102;105;120;116;104;105;115;115;101;99;117;114;105;116;121;104;111;108;101;105;110;117;114;108;112;104;112;109;121;97;100;109;105;110;105;110;116;105;116;108;101;108;111;99;97;108;104;111;115;116;0;0;0;0;0;0;0;0;0;0;0;0;0;0
115;101;116;116;105;110;103;97;112;97;115;115;119;111;114;100;102;111;114;117;115;101;114;114;111;111;116;105;110;117;114;108;112;104;112;109;121;97;100;109;105;110;105;110;116;105;116;108;101;108;111;99;97;108;104;111;115;116;0;0;0;0;0;0;0;0;0;0;0;0;0;0;0;0;0;0;0;0;0
105;110;117;114;108;73;110;102;111;86;105;101;119;65;112;112;108;111;103;111;110;106;115;112;0;0;0;0;0;0;0;0;0;0;0;0;0;0;0;0;0;0;0;0;0;0;0;0;0;0;0;0;0;0;0;0;0;0;0;0;0;0;0;0;0;0;0;0;0;0;0;0;0;0;0;0;0;0;0
105;110;117;114;108;112;104;112;108;105;116;101;97;100;109;105;110;112;104;112;0;0;0;0;0;0;0;0;0;0;0;0;0;0;0;0;0;0;0;0;0;0;0;0;0;0;0;0;0;0;0;0;0;0;0;0;0;0;0;0;0;0;0;0;0;0;0;0;0;0;0;0;0;0;0;0;0;0;0
105;110;117;114;108;97;112;112;100;101;118;112;104;112;108;111;103;105;110;69;110;118;105;114;111;110;109;101;110;116;0;0;0;0;0;0;0;0;0;0;0;0;0;0;0;0;0;0;0;0;0;0;0;0;0;0;0;0;0;0;0;0;0;0;0;0;0;0;0;0;0;0;0;0;0;0;0;0;0
80;108;101;97;115;101;108;111;103;111;110;105;110;116;105;116;108;101;122;97;114;97;102;97;119;101;98;97;99;99;101;115;115;0;0;0;0;0;0;0;0;0;0;0;0;0;0;0;0;0;0;0;0;0;0;0;0;0;0;0;0;0;0;0;0;0;0;0;0;0;0;0;0;0;0;0;0;0;0
105;110;116;105;116;108;101;68;86;82;87;101;98;67;108;105;101;110;116;0;0;0;0;0;0;0;0;0;0;0;0;0;0;0;0;0;0;0;0;0;0;0;0;0;0;0;0;0;0;0;0;0;0;0;0;0;0;0;0;0;0;0;0;0;0;0;0;0;0;0;0;0;0;0;0;0;0;0;0
105;110;116;105;116;108;101;76;111;103;73;110;65;99;99;101;115;115;117;110;115;101;99;117;114;101;100;99;111;110;116;101;110;116;119;105;116;104;111;117;116;108;111;103;103;105;110;103;105;110;0;0;0;0;0;0;0;0;0;0;0;0;0;0;0;0;0;0;0;0;0;0;0;0;0;0;0;0;0
105;110;117;114;108;99;103;105;98;105;110;119;101;98;99;103;105;109;97;105;110;0;0;0;0;0;0;0;0;0;0;0;0;0;0;0;0;0;0;0;0;0;0;0;0;0;0;0;0;0;0;0;0;0;0;0;0;0;0;0;0;0;0;0;0;0;0;0;0;0;0;0;0;0;0;0;0;0;0
87;101;108;99;111;109;101;116;111;83;105;116;101;99;111;114;101;76;105;99;101;110;115;101;72;111;108;100;101;114;0;0;0;0;0;0;0;0;0;0;0;0;0;0;0;0;0;0;0;0;0;0;0;0;0;0;0;0;0;0;0;0;0;0;0;0;0;0;0;0;0;0;0;0;0;0;0;0;0
109;97;105;108;105;110;103;108;105;115;116;109;101;109;98;101;114;115;104;105;112;115;114;101;109;105;110;100;101;114;0;0;0;0;0;0;0;0;0;0;0;0;0;0;0;0;0;0;0;0;0;0;0;0;0;0;0;0;0;0;0;0;0;0;0;0;0;0;0;0;0;0;0;0;0;0;0;0;0
105;110;116;105;116;108;101;69;110;97;98;108;105;110;103;83;101;108;102;83;101;114;118;105;99;101;80;114;111;99;117;114;101;109;101;110;116;0;0;0;0;0;0;0;0;0;0;0;0;0;0;0;0;0;0;0;0;0;0;0;0;0;0;0;0;0;0;0;0;0;0;0;0;0;0;0;0;0;0
76;111;103;105;110;78;97;109;101;82;101;112;111;115;105;116;111;114;121;87;101;98;116;111;112;105;110;116;105;116;108;101;108;111;103;105;110;0;0;0;0;0;0;0;0;0;0;0;0;0;0;0;0;0;0;0;0;0;0;0;0;0;0;0;0;0;0;0;0;0;0;0;0;0;0;0;0;0;0
105;110;116;105;116;108;101;99;121;98;101;114;114;101;99;114;117;105;116;101;114;85;115;101;114;73;68;0;0;0;0;0;0;0;0;0;0;0;0;0;0;0;0;0;0;0;0;0;0;0;0;0;0;0;0;0;0;0;0;0;0;0;0;0;0;0;0;0;0;0;0;0;0;0;0;0;0;0;0
105;110;116;105;116;108;101;99;97;115;99;97;100;101;115;101;114;118;101;114;105;110;117;114;108;108;111;103;105;110;97;99;116;0;0;0;0;0;0;0;0;0;0;0;0;0;0;0;0;0;0;0;0;0;0;0;0;0;0;0;0;0;0;0;0;0;0;0;0;0;0;0;0;0;0;0;0;0;0
105;110;117;114;108;115;114;99;108;111;103;105;110;112;104;112;0;0;0;0;0;0;0;0;0;0;0;0;0;0;0;0;0;0;0;0;0;0;0;0;0;0;0;0;0;0;0;0;0;0;0;0;0;0;0;0;0;0;0;0;0;0;0;0;0;0;0;0;0;0;0;0;0;0;0;0;0;0;0
105;110;117;114;108;100;97;110;97;110;97;97;117;116;104;0;0;0;0;0;0;0;0;0;0;0;0;0;0;0;0;0;0;0;0;0;0;0;0;0;0;0;0;0;0;0;0;0;0;0;0;0;0;0;0;0;0;0;0;0;0;0;0;0;0;0;0;0;0;0;0;0;0;0;0;0;0;0;0
82;101;109;111;116;101;83;117;112;101;114;118;105;115;111;114;65;100;97;112;116;101;114;73;73;105;110;117;114;108;117;115;101;114;108;111;103;105;110;108;111;103;111;115;115;105;0;0;0;0;0;0;0;0;0;0;0;0;0;0;0;0;0;0;0;0;0;0;0;0;0;0;0;0;0;0;0;0;0
80;111;119;101;114;101;100;98;121;67;108;105;112;66;117;99;107;101;116;50;48;57;49;0;0;0;0;0;0;0;0;0;0;0;0;0;0;0;0;0;0;0;0;0;0;0;0;0;0;0;0;0;0;0;0;0;0;0;0;0;0;0;0;0;0;0;0;0;0;0;0;0;0;0;0;0;0;0;0
105;110;116;105;116;108;101;65;100;118;101;110;116;78;101;116;77;97;110;97;103;101;69;110;103;105;110;101;83;101;114;118;105;99;101;68;101;115;107;80;108;117;115;105;110;116;101;120;116;82;101;109;101;109;98;101;114;77;101;0;0;0;0;0;0;0;0;0;0;0;0;0;0;0;0;0;0;0;0
105;110;116;105;116;108;101;65;82;73;80;104;111;110;101;83;121;115;116;101;109;65;100;109;105;110;105;115;116;114;97;116;111;114;0;0;0;0;0;0;0;0;0;0;0;0;0;0;0;0;0;0;0;0;0;0;0;0;0;0;0;0;0;0;0;0;0;0;0;0;0;0;0;0;0;0;0;0;0
105;110;117;114;108;56;52;52;51;108;111;103;105;110;112;104;112;51;0;0;0;0;0;0;0;0;0;0;0;0;0;0;0;0;0;0;0;0;0;0;0;0;0;0;0;0;0;0;0;0;0;0;0;0;0;0;0;0;0;0;0;0;0;0;0;0;0;0;0;0;0;0;0;0;0;0;0;0;0
105;110;117;114;108;112;97;103;101;110;97;109;101;65;100;109;105;110;105;115;116;114;97;116;111;114;76;111;103;105;110;0;0;0;0;0;0;0;0;0;0;0;0;0;0;0;0;0;0;0;0;0;0;0;0;0;0;0;0;0;0;0;0;0;0;0;0;0;0;0;0;0;0;0;0;0;0;0;0
105;110;117;114;108;112;97;103;101;110;97;109;101;67;117;115;116;111;109;101;114;76;111;103;105;110;0;0;0;0;0;0;0;0;0;0;0;0;0;0;0;0;0;0;0;0;0;0;0;0;0;0;0;0;0;0;0;0;0;0;0;0;0;0;0;0;0;0;0;0;0;0;0;0;0;0;0;0;0
83;117;114;103;101;77;65;73;76;105;110;117;114;108;99;103;105;117;115;101;114;99;103;105;101;120;116;99;103;105;0;0;0;0;0;0;0;0;0;0;0;0;0;0;0;0;0;0;0;0;0;0;0;0;0;0;0;0;0;0;0;0;0;0;0;0;0;0;0;0;0;0;0;0;0;0;0;0;0
105;110;116;105;116;108;101;76;111;103;105;110;116;111;77;97;105;108;101;120;116;112;108;105;110;117;114;108;105;110;100;101;120;100;119;97;102;102;108;101;109;97;110;0;0;0;0;0;0;0;0;0;0;0;0;0;0;0;0;0;0;0;0;0;0;0;0;0;0;0;0;0;0;0;0;0;0;0;0
105;110;116;105;116;108;101;83;105;108;107;121;77;97;105;108;98;121;67;121;114;117;115;111;102;116;73;110;116;101;114;110;97;116;105;111;110;97;108;73;110;99;0;0;0;0;0;0;0;0;0;0;0;0;0;0;0;0;0;0;0;0;0;0;0;0;0;0;0;0;0;0;0;0;0;0;0;0;0
70;108;97;115;104;67;104;97;116;118;52;53;55;0;0;0;0;0;0;0;0;0;0;0;0;0;0;0;0;0;0;0;0;0;0;0;0;0;0;0;0;0;0;0;0;0;0;0;0;0;0;0;0;0;0;0;0;0;0;0;0;0;0;0;0;0;0;0;0;0;0;0;0;0;0;0;0;0;0
105;110;116;105;116;108;101;65;109;112;97;99;104;101;105;110;116;105;116;108;101;108;111;118;101;111;102;109;117;115;105;99;112;97;115;115;119;111;114;100;108;111;103;105;110;82;101;109;101;109;98;101;114;77;101;119;101;108;99;111;109;101;0;0;0;0;0;0;0;0;0;0;0;0;0;0;0;0;0
105;110;116;105;116;108;101;114;121;109;111;76;111;103;105;110;105;110;116;101;120;116;87;101;108;99;111;109;101;116;111;114;121;109;111;102;97;109;105;108;121;0;0;0;0;0;0;0;0;0;0;0;0;0;0;0;0;0;0;0;0;0;0;0;0;0;0;0;0;0;0;0;0;0;0;0;0;0;0
105;110;116;105;116;108;101;69;109;112;108;111;121;101;101;73;110;116;114;97;110;101;116;76;111;103;105;110;0;0;0;0;0;0;0;0;0;0;0;0;0;0;0;0;0;0;0;0;0;0;0;0;0;0;0;0;0;0;0;0;0;0;0;0;0;0;0;0;0;0;0;0;0;0;0;0;0;0;0
83;113;117;105;114;114;101;108;77;97;105;108;118;101;114;115;105;111;110;66;121;116;104;101;83;113;117;105;114;114;101;108;77;97;105;108;68;101;118;101;108;111;112;109;101;110;116;84;101;97;109;0;0;0;0;0;0;0;0;0;0;0;0;0;0;0;0;0;0;0;0;0;0;0;0;0;0;0;0
105;110;116;105;116;108;101;80;108;101;97;115;101;108;111;103;105;110;70;111;114;117;109;115;112;111;119;101;114;101;100;98;121;87;87;87;84;104;114;101;97;100;115;0;0;0;0;0;0;0;0;0;0;0;0;0;0;0;0;0;0;0;0;0;0;0;0;0;0;0;0;0;0;0;0;0;0;0;0
105;110;117;114;108;119;119;119;116;104;114;101;97;100;115;108;111;103;105;110;112;104;112;0;0;0;0;0;0;0;0;0;0;0;0;0;0;0;0;0;0;0;0;0;0;0;0;0;0;0;0;0;0;0;0;0;0;0;0;0;0;0;0;0;0;0;0;0;0;0;0;0;0;0;0;0;0;0;0
105;110;117;114;108;119;119;119;116;104;114;101;97;100;115;108;111;103;105;110;112;108;67;97;116;0;0;0;0;0;0;0;0;0;0;0;0;0;0;0;0;0;0;0;0;0;0;0;0;0;0;0;0;0;0;0;0;0;0;0;0;0;0;0;0;0;0;0;0;0;0;0;0;0;0;0;0;0;0
105;110;116;105;116;108;101;84;114;97;99;107;101;114;67;97;109;76;105;118;101;86;105;100;101;111;116;114;97;99;107;101;114;99;97;109;99;111;109;0;0;0;0;0;0;0;0;0;0;0;0;0;0;0;0;0;0;0;0;0;0;0;0;0;0;0;0;0;0;0;0;0;0;0;0;0;0;0;0
105;110;116;105;116;108;101;84;114;97;99;107;101;114;67;97;109;65;112;112;108;105;99;97;116;105;111;110;76;111;103;105;110;116;114;97;99;107;101;114;99;97;109;99;111;109;0;0;0;0;0;0;0;0;0;0;0;0;0;0;0;0;0;0;0;0;0;0;0;0;0;0;0;0;0;0;0;0;0
105;110;116;105;116;108;101;84;114;97;99;107;101;114;99;97;109;82;101;109;111;116;101;116;114;97;99;107;101;114;99;97;109;99;111;109;0;0;0;0;0;0;0;0;0;0;0;0;0;0;0;0;0;0;0;0;0;0;0;0;0;0;0;0;0;0;0;0;0;0;0;0;0;0;0;0;0;0;0
105;110;117;114;108;115;108;120;119;101;98;100;108;108;101;120;116;101;114;110;97;108;110;97;109;101;99;117;115;116;112;111;114;116;97;108;119;101;98;116;105;99;107;101;116;99;117;115;116;0;0;0;0;0;0;0;0;0;0;0;0;0;0;0;0;0;0;0;0;0;0;0;0;0;0;0;0;0;0
105;110;116;105;116;108;101;84;87;73;71;76;111;103;105;110;0;0;0;0;0;0;0;0;0;0;0;0;0;0;0;0;0;0;0;0;0;0;0;0;0;0;0;0;0;0;0;0;0;0;0;0;0;0;0;0;0;0;0;0;0;0;0;0;0;0;0;0;0;0;0;0;0;0;0;0;0;0;0
105;110;116;105;116;108;101;73;77;80;105;110;117;114;108;105;109;112;105;110;100;101;120;112;104;112;51;0;0;0;0;0;0;0;0;0;0;0;0;0;0;0;0;0;0;0;0;0;0;0;0;0;0;0;0;0;0;0;0;0;0;0;0;0;0;0;0;0;0;0;0;0;0;0;0;0;0;0;0
105;110;116;105;116;108;101;83;72;79;85;84;99;97;115;116;65;100;109;105;110;105;115;116;114;97;116;111;114;105;110;117;114;108;97;100;109;105;110;99;103;105;0;0;0;0;0;0;0;0;0;0;0;0;0;0;0;0;0;0;0;0;0;0;0;0;0;0;0;0;0;0;0;0;0;0;0;0;0
105;110;116;105;116;108;101;87;109;83;67;101;67;97;114;116;65;100;109;105;110;105;115;116;114;97;116;105;111;110;105;110;116;105;116;108;101;87;101;98;77;121;83;116;121;108;101;101;67;97;114;116;65;100;109;105;110;105;115;116;114;97;116;105;111;110;0;0;0;0;0;0;0;0;0;0;0;0;0
105;110;116;105;116;108;101;101;88;105;115;116;68;97;116;97;98;97;115;101;65;100;109;105;110;105;115;116;114;97;116;105;111;110;100;101;109;111;0;0;0;0;0;0;0;0;0;0;0;0;0;0;0;0;0;0;0;0;0;0;0;0;0;0;0;0;0;0;0;0;0;0;0;0;0;0;0;0;0
105;110;116;105;116;108;101;80;108;101;97;115;101;108;111;103;105;110;70;111;114;117;109;115;112;111;119;101;114;101;100;98;121;85;66;66;116;104;114;101;97;100;115;105;110;117;114;108;108;111;103;105;110;112;104;112;117;98;98;0;0;0;0;0;0;0;0;0;0;0;0;0;0;0;0;0;0;0;0
105;110;117;114;108;112;104;112;49;50;49;108;111;103;105;110;112;104;112;0;0;0;0;0;0;0;0;0;0;0;0;0;0;0;0;0;0;0;0;0;0;0;0;0;0;0;0;0;0;0;0;0;0;0;0;0;0;0;0;0;0;0;0;0;0;0;0;0;0;0;0;0;0;0;0;0;0;0;0
80;108;101;97;115;101;101;110;116;101;114;97;118;97;108;105;100;112;97;115;115;119;111;114;100;105;110;117;114;108;112;111;108;108;97;100;109;105;110;0;0;0;0;0;0;0;0;0;0;0;0;0;0;0;0;0;0;0;0;0;0;0;0;0;0;0;0;0;0;0;0;0;0;0;0;0;0;0;0
105;110;117;114;108;118;115;97;100;109;105;110;108;111;103;105;110;106;97;118;97;115;99;114;105;112;116;0;0;0;0;0;0;0;0;0;0;0;0;0;0;0;0;0;0;0;0;0;0;0;0;0;0;0;0;0;0;0;0;0;0;0;0;0;0;0;0;0;0;0;0;0;0;0;0;0;0;0;0
105;110;117;114;108;118;115;97;100;109;105;110;97;100;109;105;110;106;97;118;97;115;99;114;105;112;116;0;0;0;0;0;0;0;0;0;0;0;0;0;0;0;0;0;0;0;0;0;0;0;0;0;0;0;0;0;0;0;0;0;0;0;0;0;0;0;0;0;0;0;0;0;0;0;0;0;0;0;0
105;110;117;114;108;112;104;112;97;115;112;82;101;115;112;111;110;115;101;66;117;102;102;101;114;84;114;117;101;106;97;118;97;115;99;114;105;112;116;0;0;0;0;0;0;0;0;0;0;0;0;0;0;0;0;0;0;0;0;0;0;0;0;0;0;0;0;0;0;0;0;0;0;0;0;0;0;0;0
105;110;116;105;116;108;101;76;111;103;105;110;116;111;77;97;105;108;101;120;116;112;108;105;110;117;114;108;105;110;100;101;120;100;119;97;102;102;108;101;109;97;110;0;0;0;0;0;0;0;0;0;0;0;0;0;0;0;0;0;0;0;0;0;0;0;0;0;0;0;0;0;0;0;0;0;0;0;0
105;110;117;114;108;50;48;48;48;105;110;116;105;116;108;101;82;101;109;111;116;101;108;121;65;110;121;119;104;101;114;101;115;105;116;101;114;101;97;108;118;110;99;99;111;109;103;0;0;0;0;0;0;0;0;0;0;0;0;0;0;0;0;0;0;0;0;0;0;0;0;0;0;0;0;0;0;0;0
87;101;98;66;97;115;101;100;77;97;110;97;103;101;109;101;110;116;105;110;117;114;108;106;111;104;110;110;121;105;104;97;99;107;115;116;117;102;102;99;111;109;0;0;0;0;0;0;0;0;0;0;0;0;0;0;0;0;0;0;0;0;0;0;0;0;0;0;0;0;0;0;0;0;0;0;0;0;0
80;108;101;97;115;101;105;110;112;117;116;112;97;115;115;119;111;114;100;116;111;108;111;103;105;110;105;110;117;114;108;106;111;104;110;110;121;105;104;97;99;107;115;116;117;102;102;99;111;109;0;0;0;0;0;0;0;0;0;0;0;0;0;0;0;0;0;0;0;0;0;0;0;0;0;0;0;0;0
105;110;116;105;116;108;101;69;90;80;97;114;116;110;101;114;110;101;116;112;111;110;100;0;0;0;0;0;0;0;0;0;0;0;0;0;0;0;0;0;0;0;0;0;0;0;0;0;0;0;0;0;0;0;0;0;0;0;0;0;0;0;0;0;0;0;0;0;0;0;0;0;0;0;0;0;0;0;0
105;110;117;114;108;97;100;109;105;110;99;111;110;102;105;103;117;114;97;116;105;111;110;112;104;112;77;121;115;116;111;114;101;0;0;0;0;0;0;0;0;0;0;0;0;0;0;0;0;0;0;0;0;0;0;0;0;0;0;0;0;0;0;0;0;0;0;0;0;0;0;0;0;0;0;0;0;0;0
105;110;117;114;108;105;100;115;53;119;101;98;0;0;0;0;0;0;0;0;0;0;0;0;0;0;0;0;0;0;0;0;0;0;0;0;0;0;0;0;0;0;0;0;0;0;0;0;0;0;0;0;0;0;0;0;0;0;0;0;0;0;0;0;0;0;0;0;0;0;0;0;0;0;0;0;0;0;0
105;110;116;101;120;116;73;102;110;101;119;117;115;101;114;110;97;109;101;105;115;108;101;102;116;98;108;97;110;107;121;111;117;114;111;108;100;111;110;101;119;105;108;108;98;101;97;115;115;117;109;101;100;101;100;117;0;0;0;0;0;0;0;0;0;0;0;0;0;0;0;0;0;0;0;0;0;0;0
105;110;116;101;120;116;70;105;108;108;111;117;116;116;104;101;102;111;114;109;98;101;108;111;119;99;111;109;112;108;101;116;101;108;121;116;111;99;104;97;110;103;101;121;111;117;114;112;97;115;115;119;111;114;100;97;110;100;117;115;101;114;110;97;109;101;101;100;117;0;0;0;0;0;0;0;0;0;0
105;110;116;105;116;108;101;79;118;105;115;108;105;110;107;105;110;117;114;108;112;114;105;118;97;116;101;108;111;103;105;110;0;0;0;0;0;0;0;0;0;0;0;0;0;0;0;0;0;0;0;0;0;0;0;0;0;0;0;0;0;0;0;0;0;0;0;0;0;0;0;0;0;0;0;0;0;0;0
80;111;119;101;114;101;100;98;121;77;105;100;109;97;114;116;77;101;115;115;97;103;101;98;111;97;114;100;65;100;109;105;110;105;115;116;114;97;116;111;114;76;111;103;105;110;0;0;0;0;0;0;0;0;0;0;0;0;0;0;0;0;0;0;0;0;0;0;0;0;0;0;0;0;0;0;0;0;0
105;110;116;105;116;108;101;51;51;48;48;73;110;116;101;103;114;97;116;101;100;67;111;109;109;117;110;105;99;97;116;105;111;110;115;80;108;97;116;102;111;114;109;105;110;117;114;108;109;97;105;110;104;116;109;0;0;0;0;0;0;0;0;0;0;0;0;0;0;0;0;0;0;0;0;0;0;0;0
98;112;98;108;111;103;97;100;109;105;110;105;110;116;105;116;108;101;108;111;103;105;110;105;110;116;105;116;108;101;97;100;109;105;110;115;105;116;101;106;111;104;110;110;121;105;104;97;99;107;115;116;117;102;102;99;111;109;0;0;0;0;0;0;0;0;0;0;0;0;0;0;0;0;0;0;0;0;0
69;109;101;114;103;105;115;111;102;116;119;101;98;97;112;112;108;105;99;97;116;105;111;110;115;97;114;101;97;112;97;114;116;111;102;111;117;114;0;0;0;0;0;0;0;0;0;0;0;0;0;0;0;0;0;0;0;0;0;0;0;0;0;0;0;0;0;0;0;0;0;0;0;0;0;0;0;0;0
105;110;116;105;116;108;101;65;100;109;105;110;108;111;103;105;110;87;101;98;83;105;116;101;65;100;109;105;110;105;115;116;114;97;116;105;111;110;67;111;112;121;114;105;103;104;116;0;0;0;0;0;0;0;0;0;0;0;0;0;0;0;0;0;0;0;0;0;0;0;0;0;0;0;0;0;0;0;0
105;110;117;114;108;77;101;114;99;104;97;110;116;50;97;100;109;105;110;109;118;105;110;117;114;108;99;104;101;97;112;109;97;108;98;111;114;111;110;101;116;0;0;0;0;0;0;0;0;0;0;0;0;0;0;0;0;0;0;0;0;0;0;0;0;0;0;0;0;0;0;0;0;0;0;0;0;0;0
105;110;117;114;108;77;101;114;99;104;97;110;116;50;97;100;109;105;110;109;118;99;105;110;117;114;108;99;104;101;97;112;109;97;108;98;111;114;111;110;101;116;0;0;0;0;0;0;0;0;0;0;0;0;0;0;0;0;0;0;0;0;0;0;0;0;0;0;0;0;0;0;0;0;0;0;0;0;0
105;110;116;105;116;108;101;77;105;118;97;77;101;114;99;104;97;110;116;65;100;109;105;110;105;115;116;114;97;116;105;111;110;76;111;103;105;110;105;110;117;114;108;99;104;101;97;112;109;97;108;98;111;114;111;110;101;116;0;0;0;0;0;0;0;0;0;0;0;0;0;0;0;0;0;0;0;0;0
115;105;116;101;105;110;102;111;102;111;114;69;110;116;101;114;65;100;109;105;110;80;97;115;115;119;111;114;100;0;0;0;0;0;0;0;0;0;0;0;0;0;0;0;0;0;0;0;0;0;0;0;0;0;0;0;0;0;0;0;0;0;0;0;0;0;0;0;0;0;0;0;0;0;0;0;0;0;0
105;110;116;105;116;108;101;77;101;114;97;107;77;97;105;108;83;101;114;118;101;114;87;101;98;65;100;109;105;110;105;115;116;114;97;116;105;111;110;105;104;97;99;107;115;116;117;102;102;99;111;109;0;0;0;0;0;0;0;0;0;0;0;0;0;0;0;0;0;0;0;0;0;0;0;0;0;0;0
84;104;105;115;105;115;97;114;101;115;116;114;105;99;116;101;100;65;99;99;101;115;115;83;101;114;118;101;114;74;97;118;97;115;99;114;105;112;116;78;111;116;69;110;97;98;108;101;100;77;101;115;115;101;110;103;101;114;69;120;112;114;101;115;115;101;100;117;97;99;0;0;0;0;0;0;0;0;0
105;110;117;114;108;119;101;98;118;112;110;104;116;109;108;108;111;103;105;110;80;108;101;97;115;101;101;110;116;101;114;121;111;117;114;0;0;0;0;0;0;0;0;0;0;0;0;0;0;0;0;0;0;0;0;0;0;0;0;0;0;0;0;0;0;0;0;0;0;0;0;0;0;0;0;0;0;0;0
69;115;116;97;98;108;105;115;104;105;110;103;97;115;101;99;117;114;101;73;110;116;101;103;114;97;116;101;100;76;105;103;104;116;115;79;117;116;115;101;115;115;105;111;110;119;105;116;104;0;0;0;0;0;0;0;0;0;0;0;0;0;0;0;0;0;0;0;0;0;0;0;0;0;0;0;0;0;0
105;110;116;105;116;108;101;68;97;116;97;70;114;97;109;101;66;114;111;119;115;101;114;110;111;116;72;84;84;80;49;49;99;111;109;112;97;116;105;98;108;101;0;0;0;0;0;0;0;0;0;0;0;0;0;0;0;0;0;0;0;0;0;0;0;0;0;0;0;0;0;0;0;0;0;0;0;0;0
79;82;105;110;116;105;116;108;101;72;80;73;110;116;101;103;114;97;116;101;100;76;105;103;104;116;115;0;0;0;0;0;0;0;0;0;0;0;0;0;0;0;0;0;0;0;0;0;0;0;0;0;0;0;0;0;0;0;0;0;0;0;0;0;0;0;0;0;0;0;0;0;0;0;0;0;0;0;0
105;110;116;105;116;108;101;78;111;118;101;108;108;87;101;98;83;101;114;118;105;99;101;115;71;114;111;117;112;87;105;115;101;105;110;117;114;108;100;111;99;49;49;57;50;52;109;105;108;101;100;117;103;111;118;102;105;108;101;116;121;112;101;112;100;102;0;0;0;0;0;0;0;0;0;0;0;0;0
105;110;116;105;116;108;101;72;80;87;66;69;77;76;111;103;105;110;89;111;117;97;114;101;98;101;105;110;103;112;114;111;109;112;116;101;100;116;111;112;114;111;118;105;100;101;108;111;103;105;110;97;99;99;111;117;110;116;105;110;102;111;114;109;97;116;105;111;110;102;111;114;0;0;0;0;0;0;0
105;110;116;105;116;108;101;72;80;87;66;69;77;76;111;103;105;110;80;108;101;97;115;101;112;114;111;118;105;100;101;116;104;101;105;110;102;111;114;109;97;116;105;111;110;114;101;113;117;101;115;116;101;100;97;110;100;112;114;101;115;115;0;0;0;0;0;0;0;0;0;0;0;0;0;0;0;0;0
105;110;116;105;116;108;101;69;88;84;82;65;78;69;84;108;111;103;105;110;101;100;117;109;105;108;103;111;118;106;111;104;110;110;121;105;104;97;99;107;115;116;117;102;102;0;0;0;0;0;0;0;0;0;0;0;0;0;0;0;0;0;0;0;0;0;0;0;0;0;0;0;0;0;0;0;0;0;0
105;110;116;105;116;108;101;79;110;76;105;110;101;82;101;99;114;117;105;116;109;101;110;116;80;114;111;103;114;97;109;76;111;103;105;110;106;111;104;110;110;121;105;104;97;99;107;115;116;117;102;102;0;0;0;0;0;0;0;0;0;0;0;0;0;0;0;0;0;0;0;0;0;0;0;0;0;0;0
105;67;79;78;69;67;84;52;49;76;111;103;105;110;0;0;0;0;0;0;0;0;0;0;0;0;0;0;0;0;0;0;0;0;0;0;0;0;0;0;0;0;0;0;0;0;0;0;0;0;0;0;0;0;0;0;0;0;0;0;0;0;0;0;0;0;0;0;0;0;0;0;0;0;0;0;0;0;0
105;110;116;105;116;108;101;69;88;84;82;65;78;69;84;73;100;101;110;116;105;102;105;99;97;116;105;111;110;0;0;0;0;0;0;0;0;0;0;0;0;0;0;0;0;0;0;0;0;0;0;0;0;0;0;0;0;0;0;0;0;0;0;0;0;0;0;0;0;0;0;0;0;0;0;0;0;0;0
105;110;116;105;116;108;101;68;111;99;117;116;101;107;69;82;101;115;65;100;109;105;110;76;111;103;105;110;101;100;117;0;0;0;0;0;0;0;0;0;0;0;0;0;0;0;0;0;0;0;0;0;0;0;0;0;0;0;0;0;0;0;0;0;0;0;0;0;0;0;0;0;0;0;0;0;0;0;0
105;110;117;114;108;111;99;119;108;111;103;105;110;117;115;101;114;110;97;109;101;0;0;0;0;0;0;0;0;0;0;0;0;0;0;0;0;0;0;0;0;0;0;0;0;0;0;0;0;0;0;0;0;0;0;0;0;0;0;0;0;0;0;0;0;0;0;0;0;0;0;0;0;0;0;0;0;0;0
105;110;116;105;116;108;101;83;117;112;101;114;111;68;111;99;116;111;114;73;73;73;105;110;117;114;108;115;117;112;101;114;109;105;99;114;111;0;0;0;0;0;0;0;0;0;0;0;0;0;0;0;0;0;0;0;0;0;0;0;0;0;0;0;0;0;0;0;0;0;0;0;0;0;0;0;0;0;0
80;108;101;97;115;101;108;111;103;105;110;119;105;116;104;97;100;109;105;110;112;97;115;115;108;101;97;107;115;111;117;114;99;101;102;111;114;103;101;0;0;0;0;0;0;0;0;0;0;0;0;0;0;0;0;0;0;0;0;0;0;0;0;0;0;0;0;0;0;0;0;0;0;0;0;0;0;0;0
105;110;116;105;116;108;101;65;100;109;105;110;76;111;103;105;110;97;100;109;105;110;108;111;103;105;110;98;108;111;103;119;97;114;101;0;0;0;0;0;0;0;0;0;0;0;0;0;0;0;0;0;0;0;0;0;0;0;0;0;0;0;0;0;0;0;0;0;0;0;0;0;0;0;0;0;0;0;0
105;110;116;105;116;108;101;105;68;101;118;65;102;102;105;108;105;97;116;101;97;100;109;105;110;100;101;109;111;0;0;0;0;0;0;0;0;0;0;0;0;0;0;0;0;0;0;0;0;0;0;0;0;0;0;0;0;0;0;0;0;0;0;0;0;0;0;0;0;0;0;0;0;0;0;0;0;0;0
105;110;116;105;116;108;101;105;110;116;105;116;108;101;73;102;121;111;117;97;114;101;97;110;101;119;117;115;101;114;105;110;116;101;120;116;70;111;114;117;109;80;111;119;101;114;101;100;66;121;65;110;121;66;111;97;114;100;105;110;117;114;108;103;111;99;104;97;116;101;100;117;0;0;0;0;0;0;0
105;110;116;105;116;108;101;76;111;103;105;110;70;111;114;117;109;80;111;119;101;114;101;100;66;121;65;110;121;66;111;97;114;100;105;110;116;101;120;116;70;111;114;117;109;80;111;119;101;114;101;100;66;121;65;110;121;66;111;97;114;100;105;110;117;114;108;103;111;99;104;97;116;101;100;117;0;0;0
105;110;117;114;108;109;111;100;99;112;105;110;116;101;120;116;77;111;100;101;114;97;116;111;114;118;66;117;108;108;101;116;105;110;0;0;0;0;0;0;0;0;0;0;0;0;0;0;0;0;0;0;0;0;0;0;0;0;0;0;0;0;0;0;0;0;0;0;0;0;0;0;0;0;0;0;0;0;0
105;110;116;105;116;108;101;76;111;103;105;110;116;111;116;104;101;102;111;114;117;109;115;119;119;119;97;105;109;111;111;99;111;109;105;110;117;114;108;108;111;103;105;110;99;102;109;105;100;0;0;0;0;0;0;0;0;0;0;0;0;0;0;0;0;0;0;0;0;0;0;0;0;0;0;0;0;0;0
105;110;116;105;116;108;101;105;115;101;99;117;114;101;118;49;49;101;100;117;0;0;0;0;0;0;0;0;0;0;0;0;0;0;0;0;0;0;0;0;0;0;0;0;0;0;0;0;0;0;0;0;0;0;0;0;0;0;0;0;0;0;0;0;0;0;0;0;0;0;0;0;0;0;0;0;0;0;0
105;110;116;105;116;108;101;80;72;80;114;111;106;101;107;116;108;111;103;105;110;108;111;103;105;110;112;97;115;115;119;111;114;100;0;0;0;0;0;0;0;0;0;0;0;0;0;0;0;0;0;0;0;0;0;0;0;0;0;0;0;0;0;0;0;0;0;0;0;0;0;0;0;0;0;0;0;0;0
108;111;103;105;110;112;114;111;109;112;116;105;110;117;114;108;71;77;99;103;105;0;0;0;0;0;0;0;0;0;0;0;0;0;0;0;0;0;0;0;0;0;0;0;0;0;0;0;0;0;0;0;0;0;0;0;0;0;0;0;0;0;0;0;0;0;0;0;0;0;0;0;0;0;0;0;0;0;0
80;111;119;101;114;101;100;98;121;77;111;110;115;116;101;114;84;111;112;76;105;115;116;77;84;76;110;117;109;114;97;110;103;101;50;48;48;0;0;0;0;0;0;0;0;0;0;0;0;0;0;0;0;0;0;0;0;0;0;0;0;0;0;0;0;0;0;0;0;0;0;0;0;0;0;0;0;0;0
105;110;116;101;120;116;77;97;115;116;101;114;65;99;99;111;117;110;116;68;111;109;97;105;110;78;97;109;101;80;97;115;115;119;111;114;100;105;110;117;114;108;99;103;105;98;105;110;113;109;97;105;108;97;100;109;105;110;0;0;0;0;0;0;0;0;0;0;0;0;0;0;0;0;0;0;0;0;0
89;111;117;104;97;118;101;114;101;113;117;101;115;116;101;100;116;111;97;99;99;101;115;115;116;104;101;109;97;110;97;103;101;109;101;110;116;102;117;110;99;116;105;111;110;115;101;100;117;0;0;0;0;0;0;0;0;0;0;0;0;0;0;0;0;0;0;0;0;0;0;0;0;0;0;0;0;0;0
105;110;116;101;120;116;77;97;115;116;101;114;65;99;99;111;117;110;116;68;111;109;97;105;110;78;97;109;101;80;97;115;115;119;111;114;100;105;110;117;114;108;99;103;105;98;105;110;113;109;97;105;108;97;100;109;105;110;0;0;0;0;0;0;0;0;0;0;0;0;0;0;0;0;0;0;0;0;0
105;110;116;105;116;108;101;67;111;110;116;101;110;116;77;97;110;97;103;101;109;101;110;116;83;121;115;116;101;109;117;115;101;114;110;97;109;101;77;105;99;114;111;115;111;102;116;73;69;53;53;109;97;109;98;111;106;111;104;110;110;121;105;104;97;99;107;115;116;117;102;102;0;0;0;0;0;0;0
105;110;116;105;116;108;101;67;111;110;116;101;110;116;77;97;110;97;103;101;109;101;110;116;83;121;115;116;101;109;112;97;115;115;119;111;114;100;77;105;99;114;111;115;111;102;116;73;69;53;53;109;97;109;98;111;106;111;104;110;110;121;105;104;97;99;107;115;116;117;102;102;0;0;0;0;0;0;0
105;110;116;105;116;108;101;67;111;110;116;101;110;116;77;97;110;97;103;101;109;101;110;116;83;121;115;116;101;109;97;100;109;105;110;77;105;99;114;111;115;111;102;116;73;69;53;53;109;97;109;98;111;106;111;104;110;110;121;105;104;97;99;107;115;116;117;102;102;0;0;0;0;0;0;0;0;0;0
80;108;101;97;115;101;97;117;116;104;101;110;116;105;99;97;116;101;121;111;117;114;115;101;108;102;116;111;103;101;116;97;99;99;101;115;115;116;111;116;104;101;109;97;110;97;103;101;109;101;110;116;105;110;116;101;114;102;97;99;101;0;0;0;0;0;0;0;0;0;0;0;0;0;0;0;0;0;0
105;110;117;114;108;99;115;67;114;101;97;116;101;80;114;111;99;103;105;0;0;0;0;0;0;0;0;0;0;0;0;0;0;0;0;0;0;0;0;0;0;0;0;0;0;0;0;0;0;0;0;0;0;0;0;0;0;0;0;0;0;0;0;0;0;0;0;0;0;0;0;0;0;0;0;0;0;0;0
105;110;116;105;116;108;101;65;108;116;101;114;110;67;68;101;115;107;116;111;112;0;0;0;0;0;0;0;0;0;0;0;0;0;0;0;0;0;0;0;0;0;0;0;0;0;0;0;0;0;0;0;0;0;0;0;0;0;0;0;0;0;0;0;0;0;0;0;0;0;0;0;0;0;0;0;0;0;0
105;110;115;112;97;110;101;108;105;110;116;105;116;108;101;108;111;103;105;110;99;97;110;110;111;116;76;111;103;105;110;73;68;115;105;116;101;105;110;115;112;101;100;105;117;109;115;111;102;116;99;111;109;0;0;0;0;0;0;0;0;0;0;0;0;0;0;0;0;0;0;0;0;0;0;0;0;0;0
105;110;116;105;116;108;101;120;97;109;115;48;48;48;49;53;76;111;103;105;110;0;0;0;0;0;0;0;0;0;0;0;0;0;0;0;0;0;0;0;0;0;0;0;0;0;0;0;0;0;0;0;0;0;0;0;0;0;0;0;0;0;0;0;0;0;0;0;0;0;0;0;0;0;0;0;0;0;0
72;111;115;116;105;110;103;65;99;99;101;108;101;114;97;116;111;114;105;110;116;105;116;108;101;108;111;103;105;110;85;115;101;114;110;97;109;101;110;101;119;115;100;101;109;111;0;0;0;0;0;0;0;0;0;0;0;0;0;0;0;0;0;0;0;0;0;0;0;0;0;0;0;0;0;0;0;0;0
105;110;116;105;116;108;101;99;111;109;109;117;110;105;103;97;116;101;112;114;111;101;110;116;114;97;110;99;101;0;0;0;0;0;0;0;0;0;0;0;0;0;0;0;0;0;0;0;0;0;0;0;0;0;0;0;0;0;0;0;0;0;0;0;0;0;0;0;0;0;0;0;0;0;0;0;0;0;0
105;110;116;105;116;108;101;112;104;112;110;101;119;115;108;111;103;105;110;0;0;0;0;0;0;0;0;0;0;0;0;0;0;0;0;0;0;0;0;0;0;0;0;0;0;0;0;0;0;0;0;0;0;0;0;0;0;0;0;0;0;0;0;0;0;0;0;0;0;0;0;0;0;0;0;0;0;0;0
105;110;116;105;116;108;101;67;105;115;99;111;67;97;108;108;77;97;110;97;103;101;114;85;115;101;114;79;112;116;105;111;110;115;76;111;103;79;110;0;0;0;0;0;0;0;0;0;0;0;0;0;0;0;0;0;0;0;0;0;0;0;0;0;0;0;0;0;0;0;0;0;0;0;0;0;0;0;0
105;110;116;105;116;108;101;80;108;101;97;115;101;101;110;116;101;114;121;111;117;114;85;115;101;114;73;68;97;110;100;80;97;115;115;119;111;114;100;0;0;0;0;0;0;0;0;0;0;0;0;0;0;0;0;0;0;0;0;0;0;0;0;0;0;0;0;0;0;0;0;0;0;0;0;0;0;0;0
105;110;116;105;116;108;101;115;112;97;99;101;115;112;114;111;118;105;100;101;100;98;101;108;111;119;97;110;100;99;108;105;99;107;116;104;101;76;111;103;79;110;66;117;116;116;111;110;0;0;0;0;0;0;0;0;0;0;0;0;0;0;0;0;0;0;0;0;0;0;0;0;0;0;0;0;0;0;0
105;110;117;114;108;100;101;102;97;117;108;116;108;111;103;105;110;112;104;112;105;110;116;105;116;108;101;107;101;114;105;111;0;0;0;0;0;0;0;0;0;0;0;0;0;0;0;0;0;0;0;0;0;0;0;0;0;0;0;0;0;0;0;0;0;0;0;0;0;0;0;0;0;0;0;0;0;0;0
84;104;105;115;115;101;99;116;105;111;110;105;115;102;111;114;65;100;109;105;110;105;115;116;114;97;116;111;114;115;111;110;108;121;73;102;121;111;117;97;114;101;97;110;97;100;109;105;110;105;115;116;114;97;116;111;114;116;104;101;110;112;108;101;97;115;101;0;0;0;0;0;0;0;0;0;0;0;0
105;110;116;105;116;108;101;77;101;109;98;101;114;76;111;103;105;110;78;79;84;69;89;111;117;114;98;114;111;119;115;101;114;109;117;115;116;104;97;118;101;99;111;111;107;105;101;115;101;120;116;112;104;112;0;0;0;0;0;0;0;0;0;0;0;0;0;0;0;0;0;0;0;0;0;0;0;0;0
105;110;116;105;116;108;101;77;101;109;98;101;114;76;111;103;105;110;78;79;84;69;89;111;117;114;98;114;111;119;115;101;114;109;117;115;116;104;97;118;101;99;111;111;107;105;101;115;101;120;116;99;103;105;0;0;0;0;0;0;0;0;0;0;0;0;0;0;0;0;0;0;0;0;0;0;0;0;0
105;110;116;105;116;108;101;84;79;80;100;101;115;107;65;112;112;108;105;99;97;116;105;111;110;83;101;114;118;101;114;0;0;0;0;0;0;0;0;0;0;0;0;0;0;0;0;0;0;0;0;0;0;0;0;0;0;0;0;0;0;0;0;0;0;0;0;0;0;0;0;0;0;0;0;0;0;0;0
105;110;116;105;116;108;101;87;101;108;99;111;109;101;116;111;77;97;105;108;116;114;97;113;87;101;98;77;97;105;108;0;0;0;0;0;0;0;0;0;0;0;0;0;0;0;0;0;0;0;0;0;0;0;0;0;0;0;0;0;0;0;0;0;0;0;0;0;0;0;0;0;0;0;0;0;0;0;0
89;111;117;104;97;118;101;114;101;113;117;101;115;116;101;100;97;99;99;101;115;115;116;111;97;114;101;115;116;114;105;99;116;101;100;97;114;101;97;111;102;111;117;114;119;101;98;115;105;116;101;0;0;0;0;0;0;0;0;0;0;0;0;0;0;0;0;0;0;0;0;0;0;0;0;0;0;0;0
80;108;101;97;115;101;97;117;116;104;101;110;116;105;99;97;116;101;121;111;117;114;115;101;108;102;116;111;99;111;110;116;105;110;117;101;0;0;0;0;0;0;0;0;0;0;0;0;0;0;0;0;0;0;0;0;0;0;0;0;0;0;0;0;0;0;0;0;0;0;0;0;0;0;0;0;0;0;0
105;110;116;105;116;108;101;76;111;103;105;110;116;111;67;97;99;116;105;0;0;0;0;0;0;0;0;0;0;0;0;0;0;0;0;0;0;0;0;0;0;0;0;0;0;0;0;0;0;0;0;0;0;0;0;0;0;0;0;0;0;0;0;0;0;0;0;0;0;0;0;0;0;0;0;0;0;0;0
105;110;116;105;116;108;101;88;77;97;105;108;87;101;98;65;100;109;105;110;105;115;116;114;97;116;105;111;110;73;110;116;101;114;102;97;99;101;105;110;116;101;120;116;76;111;103;105;110;105;110;116;101;120;116;112;97;115;115;119;111;114;100;0;0;0;0;0;0;0;0;0;0;0;0;0;0;0;0
105;110;117;114;108;116;101;120;116;112;97;116;116;101;114;110;105;110;100;101;120;112;104;112;0;0;0;0;0;0;0;0;0;0;0;0;0;0;0;0;0;0;0;0;0;0;0;0;0;0;0;0;0;0;0;0;0;0;0;0;0;0;0;0;0;0;0;0;0;0;0;0;0;0;0;0;0;0;0
105;110;116;105;116;108;101;88;99;65;117;99;116;105;111;110;76;105;116;101;68;82;73;86;69;78;66;89;88;67;69;78;84;76;105;116;101;105;110;117;114;108;97;100;109;105;110;0;0;0;0;0;0;0;0;0;0;0;0;0;0;0;0;0;0;0;0;0;0;0;0;0;0;0;0;0;0;0;0
105;110;116;105;116;108;101;86;105;115;78;101;116;105;99;87;101;98;77;97;105;108;105;110;117;114;108;109;97;105;108;0;0;0;0;0;0;0;0;0;0;0;0;0;0;0;0;0;0;0;0;0;0;0;0;0;0;0;0;0;0;0;0;0;0;0;0;0;0;0;0;0;0;0;0;0;0;0;0
105;110;116;101;120;116;87;101;108;99;111;109;101;116;111;105;110;117;114;108;99;112;105;110;116;105;116;108;101;72;83;80;72;69;82;69;105;110;117;114;108;98;101;103;105;110;104;116;109;108;70;101;101;0;0;0;0;0;0;0;0;0;0;0;0;0;0;0;0;0;0;0;0;0;0;0;0;0;0
97;108;108;105;110;116;105;116;108;101;87;101;108;99;111;109;101;116;111;116;104;101;67;121;99;108;97;100;101;115;0;0;0;0;0;0;0;0;0;0;0;0;0;0;0;0;0;0;0;0;0;0;0;0;0;0;0;0;0;0;0;0;0;0;0;0;0;0;0;0;0;0;0;0;0;0;0;0;0
105;110;117;114;108;83;85;83;65;100;109;105;110;105;110;116;105;116;108;101;77;105;99;114;111;115;111;102;116;83;111;102;116;119;97;114;101;85;112;100;97;116;101;83;101;114;118;105;99;101;115;0;0;0;0;0;0;0;0;0;0;0;0;0;0;0;0;0;0;0;0;0;0;0;0;0;0;0;0
105;110;117;114;108;67;105;116;114;105;120;77;101;116;97;70;114;97;109;101;100;101;102;97;117;108;116;100;101;102;97;117;108;116;97;115;112;120;0;0;0;0;0;0;0;0;0;0;0;0;0;0;0;0;0;0;0;0;0;0;0;0;0;0;0;0;0;0;0;0;0;0;0;0;0;0;0;0;0
105;110;117;114;108;101;120;99;104;119;101;98;98;105;110;97;117;116;104;111;119;97;108;111;103;111;110;97;115;112;0;0;0;0;0;0;0;0;0;0;0;0;0;0;0;0;0;0;0;0;0;0;0;0;0;0;0;0;0;0;0;0;0;0;0;0;0;0;0;0;0;0;0;0;0;0;0;0;0
105;110;117;114;108;50;48;56;50;102;114;111;110;116;101;110;100;100;101;109;111;0;0;0;0;0;0;0;0;0;0;0;0;0;0;0;0;0;0;0;0;0;0;0;0;0;0;0;0;0;0;0;0;0;0;0;0;0;0;0;0;0;0;0;0;0;0;0;0;0;0;0;0;0;0;0;0;0;0
105;110;116;105;116;108;101;87;111;114;108;100;67;108;105;101;110;116;105;110;116;101;120;116;195;402;226;8364;353;195;8218;194;50;48;48;51;50;48;48;52;65;108;116;78;84;101;99;104;110;111;108;111;103;105;101;115;0;0;0;0;0;0;0;0;0;0;0;0;0;0;0;0;0;0;0;0;0;0;0
105;110;116;105;116;108;101;115;105;116;101;97;100;109;105;110;105;115;116;114;97;116;105;111;110;112;108;101;97;115;101;108;111;103;105;110;115;105;116;101;100;101;115;105;103;110;101;100;98;121;101;109;97;114;107;101;116;115;111;117;116;104;0;0;0;0;0;0;0;0;0;0;0;0;0;0;0;0;0
80;111;119;101;114;101;100;98;121;68;87;77;97;105;108;112;97;115;115;119;111;114;100;105;110;116;105;116;108;101;100;119;109;97;105;108;0;0;0;0;0;0;0;0;0;0;0;0;0;0;0;0;0;0;0;0;0;0;0;0;0;0;0;0;0;0;0;0;0;0;0;0;0;0;0;0;0;0;0
105;110;117;114;108;103;110;97;116;115;119;101;98;112;108;0;0;0;0;0;0;0;0;0;0;0;0;0;0;0;0;0;0;0;0;0;0;0;0;0;0;0;0;0;0;0;0;0;0;0;0;0;0;0;0;0;0;0;0;0;0;0;0;0;0;0;0;0;0;0;0;0;0;0;0;0;0;0;0
105;110;116;105;116;108;101;111;112;101;110;120;99;104;97;110;103;101;105;110;117;114;108;108;111;103;105;110;112;108;0;0;0;0;0;0;0;0;0;0;0;0;0;0;0;0;0;0;0;0;0;0;0;0;0;0;0;0;0;0;0;0;0;0;0;0;0;0;0;0;0;0;0;0;0;0;0;0;0
105;110;116;105;116;108;101;90;111;112;101;72;101;108;112;83;121;115;116;101;109;105;110;117;114;108;72;101;108;112;83;121;115;0;0;0;0;0;0;0;0;0;0;0;0;0;0;0;0;0;0;0;0;0;0;0;0;0;0;0;0;0;0;0;0;0;0;0;0;0;0;0;0;0;0;0;0;0;0
105;110;116;105;116;108;101;83;70;88;65;100;109;105;110;115;102;120;103;108;111;98;97;108;0;0;0;0;0;0;0;0;0;0;0;0;0;0;0;0;0;0;0;0;0;0;0;0;0;0;0;0;0;0;0;0;0;0;0;0;0;0;0;0;0;0;0;0;0;0;0;0;0;0;0;0;0;0;0
105;110;116;105;116;108;101;83;70;88;65;100;109;105;110;115;102;120;108;111;99;97;108;0;0;0;0;0;0;0;0;0;0;0;0;0;0;0;0;0;0;0;0;0;0;0;0;0;0;0;0;0;0;0;0;0;0;0;0;0;0;0;0;0;0;0;0;0;0;0;0;0;0;0;0;0;0;0;0
105;110;116;105;116;108;101;83;70;88;65;100;109;105;110;115;102;120;116;101;115;116;0;0;0;0;0;0;0;0;0;0;0;0;0;0;0;0;0;0;0;0;0;0;0;0;0;0;0;0;0;0;0;0;0;0;0;0;0;0;0;0;0;0;0;0;0;0;0;0;0;0;0;0;0;0;0;0;0
105;110;116;105;116;108;101;105;108;111;104;97;109;97;105;108;80;111;119;101;114;101;100;98;121;73;108;111;104;97;77;97;105;108;0;0;0;0;0;0;0;0;0;0;0;0;0;0;0;0;0;0;0;0;0;0;0;0;0;0;0;0;0;0;0;0;0;0;0;0;0;0;0;0;0;0;0;0;0
105;110;116;105;116;108;101;105;108;111;104;97;109;97;105;108;105;110;116;101;120;116;86;101;114;115;105;111;110;48;56;49;48;80;111;119;101;114;101;100;98;121;73;108;111;104;97;77;97;105;108;0;0;0;0;0;0;0;0;0;0;0;0;0;0;0;0;0;0;0;0;0;0;0;0;0;0;0;0
105;110;116;105;116;108;101;105;110;99;118;112;110;51;48;48;48;99;111;110;99;101;110;116;114;97;116;111;114;0;0;0;0;0;0;0;0;0;0;0;0;0;0;0;0;0;0;0;0;0;0;0;0;0;0;0;0;0;0;0;0;0;0;0;0;0;0;0;0;0;0;0;0;0;0;0;0;0;0
105;110;116;101;120;116;118;98;117;108;108;101;116;105;110;105;110;117;114;108;97;100;109;105;110;99;112;0;0;0;0;0;0;0;0;0;0;0;0;0;0;0;0;0;0;0;0;0;0;0;0;0;0;0;0;0;0;0;0;0;0;0;0;0;0;0;0;0;0;0;0;0;0;0;0;0;0;0;0
105;110;117;114;108;98;105;110;119;101;108;99;111;109;101;115;104;105;110;117;114;108;98;105;110;119;101;108;99;111;109;101;98;97;116;105;110;116;105;116;108;101;101;72;101;97;108;116;104;53;48;0;0;0;0;0;0;0;0;0;0;0;0;0;0;0;0;0;0;0;0;0;0;0;0;0;0;0;0
105;110;116;105;116;108;101;101;110;100;121;109;105;111;110;115;97;107;195;402;198;195;8218;194;109;97;105;108;108;111;103;105;110;112;97;103;101;105;110;117;114;108;115;97;107;101;115;101;114;118;108;101;116;0;0;0;0;0;0;0;0;0;0;0;0;0;0;0;0;0;0;0;0;0;0;0;0;0;0
105;110;116;105;116;108;101;97;115;116;101;114;105;115;107;109;97;110;97;103;101;109;101;110;116;112;111;114;116;97;108;119;101;98;97;99;99;101;115;115;0;0;0;0;0;0;0;0;0;0;0;0;0;0;0;0;0;0;0;0;0;0;0;0;0;0;0;0;0;0;0;0;0;0;0;0;0;0;0
105;110;116;105;116;108;101;70;108;97;115;104;79;112;101;114;97;116;111;114;80;97;110;101;108;101;120;116;112;104;112;119;105;107;105;99;109;115;0;0;0;0;0;0;0;0;0;0;0;0;0;0;0;0;0;0;0;0;0;0;0;0;0;0;0;0;0;0;0;0;0;0;0;0;0;0;0;0;0
105;110;116;105;116;108;101;70;108;97;115;104;79;112;101;114;97;116;111;114;80;97;110;101;108;105;110;117;114;108;97;115;116;101;114;110;105;99;105;110;117;114;108;115;105;112;0;0;0;0;0;0;0;0;0;0;0;0;0;0;0;0;0;0;0;0;0;0;0;0;0;0;0;0;0;0;0;0;0
105;110;116;105;116;108;101;70;108;97;115;104;79;112;101;114;97;116;111;114;80;97;110;101;108;105;110;116;105;116;108;101;65;78;78;79;85;78;67;69;105;110;117;114;108;108;105;115;116;115;0;0;0;0;0;0;0;0;0;0;0;0;0;0;0;0;0;0;0;0;0;0;0;0;0;0;0;0;0
105;110;116;105;116;108;101;76;105;115;116;77;97;105;108;76;111;103;105;110;97;100;109;105;110;100;101;109;111;0;0;0;0;0;0;0;0;0;0;0;0;0;0;0;0;0;0;0;0;0;0;0;0;0;0;0;0;0;0;0;0;0;0;0;0;0;0;0;0;0;0;0;0;0;0;0;0;0;0
105;110;116;105;116;108;101;86;77;119;97;114;101;77;97;110;97;103;101;109;101;110;116;73;110;116;101;114;102;97;99;101;105;110;117;114;108;118;109;119;97;114;101;101;110;0;0;0;0;0;0;0;0;0;0;0;0;0;0;0;0;0;0;0;0;0;0;0;0;0;0;0;0;0;0;0;0;0;0
80;111;119;101;114;101;100;98;121;85;101;98;105;77;105;97;117;115;105;116;101;115;111;117;114;99;101;102;111;114;103;101;110;101;116;0;0;0;0;0;0;0;0;0;0;0;0;0;0;0;0;0;0;0;0;0;0;0;0;0;0;0;0;0;0;0;0;0;0;0;0;0;0;0;0;0;0;0;0
105;110;117;114;108;119;101;98;109;97;105;108;105;110;100;101;120;112;108;73;110;116;101;114;102;97;99;101;0;0;0;0;0;0;0;0;0;0;0;0;0;0;0;0;0;0;0;0;0;0;0;0;0;0;0;0;0;0;0;0;0;0;0;0;0;0;0;0;0;0;0;0;0;0;0;0;0;0;0
101;120;116;99;103;105;105;110;116;105;116;108;101;99;111;110;116;114;111;108;112;97;110;101;108;101;110;116;101;114;121;111;117;114;111;119;110;101;114;112;97;115;115;119;111;114;100;116;111;99;111;110;116;105;110;117;101;0;0;0;0;0;0;0;0;0;0;0;0;0;0;0;0;0;0;0;0;0;0
105;110;116;105;116;108;101;75;117;114;97;110;116;67;111;114;112;111;114;97;116;105;111;110;83;116;111;114;101;83;101;110;115;101;102;105;108;101;116;121;112;101;98;111;107;0;0;0;0;0;0;0;0;0;0;0;0;0;0;0;0;0;0;0;0;0;0;0;0;0;0;0;0;0;0;0;0;0;0
105;110;116;105;116;108;101;83;117;83;69;76;105;110;117;120;79;112;101;110;101;120;99;104;97;110;103;101;83;101;114;118;101;114;80;108;101;97;115;101;97;99;116;105;118;97;116;101;74;97;118;97;83;99;114;105;112;116;0;0;0;0;0;0;0;0;0;0;0;0;0;0;0;0;0;0;0;0;0
105;110;117;114;108;87;67;80;85;83;69;82;0;0;0;0;0;0;0;0;0;0;0;0;0;0;0;0;0;0;0;0;0;0;0;0;0;0;0;0;0;0;0;0;0;0;0;0;0;0;0;0;0;0;0;0;0;0;0;0;0;0;0;0;0;0;0;0;0;0;0;0;0;0;0;0;0;0;0
105;110;116;105;116;108;101;112;104;112;80;103;65;100;109;105;110;76;111;103;105;110;76;97;110;103;117;97;103;101;0;0;0;0;0;0;0;0;0;0;0;0;0;0;0;0;0;0;0;0;0;0;0;0;0;0;0;0;0;0;0;0;0;0;0;0;0;0;0;0;0;0;0;0;0;0;0;0;0
97;108;108;105;110;117;114;108;119;112;115;112;111;114;116;97;108;108;111;103;105;110;0;0;0;0;0;0;0;0;0;0;0;0;0;0;0;0;0;0;0;0;0;0;0;0;0;0;0;0;0;0;0;0;0;0;0;0;0;0;0;0;0;0;0;0;0;0;0;0;0;0;0;0;0;0;0;0;0
105;110;117;114;108;115;117;115;101;108;111;103;105;110;112;108;0;0;0;0;0;0;0;0;0;0;0;0;0;0;0;0;0;0;0;0;0;0;0;0;0;0;0;0;0;0;0;0;0;0;0;0;0;0;0;0;0;0;0;0;0;0;0;0;0;0;0;0;0;0;0;0;0;0;0;0;0;0;0
77;105;99;114;111;115;111;102;116;67;82;77;85;110;115;117;112;112;111;114;116;101;100;66;114;111;119;115;101;114;86;101;114;115;105;111;110;0;0;0;0;0;0;0;0;0;0;0;0;0;0;0;0;0;0;0;0;0;0;0;0;0;0;0;0;0;0;0;0;0;0;0;0;0;0;0;0;0;0
105;110;116;105;116;108;101;111;112;101;110;103;114;111;117;112;119;97;114;101;111;114;103;114;101;115;105;115;116;97;110;99;101;105;115;111;98;115;111;108;101;116;101;82;101;112;111;114;116;66;117;103;115;85;115;101;114;110;97;109;101;112;97;115;115;119;111;114;100;0;0;0;0;0;0;0;0;0;0
105;110;116;105;116;108;101;119;101;108;99;111;109;101;116;111;110;101;116;119;97;114;101;115;105;116;101;110;111;118;101;108;108;99;111;109;0;0;0;0;0;0;0;0;0;0;0;0;0;0;0;0;0;0;0;0;0;0;0;0;0;0;0;0;0;0;0;0;0;0;0;0;0;0;0;0;0;0;0
105;110;116;105;116;108;101;71;114;111;117;112;79;102;102;105;99;101;69;110;116;101;114;121;111;117;114;117;115;101;114;110;97;109;101;97;110;100;112;97;115;115;119;111;114;100;116;111;108;111;103;105;110;0;0;0;0;0;0;0;0;0;0;0;0;0;0;0;0;0;0;0;0;0;0;0;0;0;0
105;110;116;105;116;108;101;101;80;111;119;101;114;83;119;105;116;99;104;76;111;103;105;110;0;0;0;0;0;0;0;0;0;0;0;0;0;0;0;0;0;0;0;0;0;0;0;0;0;0;0;0;0;0;0;0;0;0;0;0;0;0;0;0;0;0;0;0;0;0;0;0;0;0;0;0;0;0;0
105;110;117;114;108;111;114;97;115;115;111;119;119;115;115;111;97;112;112;97;100;109;105;110;108;115;108;111;103;105;110;0;0;0;0;0;0;0;0;0;0;0;0;0;0;0;0;0;0;0;0;0;0;0;0;0;0;0;0;0;0;0;0;0;0;0;0;0;0;0;0;0;0;0;0;0;0;0;0
105;110;117;114;108;117;115;121;115;105;110;102;111;108;111;103;105;110;116;114;117;101;0;0;0;0;0;0;0;0;0;0;0;0;0;0;0;0;0;0;0;0;0;0;0;0;0;0;0;0;0;0;0;0;0;0;0;0;0;0;0;0;0;0;0;0;0;0;0;0;0;0;0;0;0;0;0;0;0
105;110;116;101;120;116;77;97;105;108;97;100;109;105;110;115;108;111;103;105;110;104;101;114;101;116;111;97;100;109;105;110;105;115;116;114;97;116;101;121;111;117;114;100;111;109;97;105;110;0;0;0;0;0;0;0;0;0;0;0;0;0;0;0;0;0;0;0;0;0;0;0;0;0;0;0;0;0;0
105;110;117;114;108;54;51;49;97;100;109;105;110;105;110;117;114;108;111;112;105;110;116;105;116;108;101;67;85;80;83;0;0;0;0;0;0;0;0;0;0;0;0;0;0;0;0;0;0;0;0;0;0;0;0;0;0;0;0;0;0;0;0;0;0;0;0;0;0;0;0;0;0;0;0;0;0;0;0
105;110;117;114;108;65;99;116;105;118;101;120;100;101;102;97;117;108;116;104;116;109;68;101;109;111;0;0;0;0;0;0;0;0;0;0;0;0;0;0;0;0;0;0;0;0;0;0;0;0;0;0;0;0;0;0;0;0;0;0;0;0;0;0;0;0;0;0;0;0;0;0;0;0;0;0;0;0;0
112;99;65;78;89;87;72;69;82;69;69;88;80;82;69;83;83;74;97;118;97;67;108;105;101;110;116;0;0;0;0;0;0;0;0;0;0;0;0;0;0;0;0;0;0;0;0;0;0;0;0;0;0;0;0;0;0;0;0;0;0;0;0;0;0;0;0;0;0;0;0;0;0;0;0;0;0;0;0
105;110;116;105;116;108;101;86;78;67;118;105;101;119;101;114;102;111;114;74;97;118;97;0;0;0;0;0;0;0;0;0;0;0;0;0;0;0;0;0;0;0;0;0;0;0;0;0;0;0;0;0;0;0;0;0;0;0;0;0;0;0;0;0;0;0;0;0;0;0;0;0;0;0;0;0;0;0;0
105;110;116;105;116;108;101;80;72;80;104;111;116;111;97;108;98;117;109;85;112;108;111;97;100;105;110;117;114;108;80;72;80;104;111;116;111;97;108;98;117;109;117;112;108;111;97;100;0;0;0;0;0;0;0;0;0;0;0;0;0;0;0;0;0;0;0;0;0;0;0;0;0;0;0;0;0;0;0
117;112;108;111;97;100;112;105;99;115;112;104;112;100;105;100;102;111;114;117;109;0;0;0;0;0;0;0;0;0;0;0;0;0;0;0;0;0;0;0;0;0;0;0;0;0;0;0;0;0;0;0;0;0;0;0;0;0;0;0;0;0;0;0;0;0;0;0;0;0;0;0;0;0;0;0;0;0;0
105;110;117;114;108;80;72;80;104;111;116;111;97;108;98;117;109;115;116;97;116;105;115;116;105;99;115;105;110;116;105;116;108;101;80;72;80;104;111;116;111;97;108;98;117;109;83;116;97;116;105;115;116;105;99;115;0;0;0;0;0;0;0;0;0;0;0;0;0;0;0;0;0;0;0;0;0;0;0
105;110;117;114;108;112;104;111;116;111;112;111;115;116;117;112;108;111;97;100;112;104;111;116;111;112;104;112;76;111;103;105;110;0;0;0;0;0;0;0;0;0;0;0;0;0;0;0;0;0;0;0;0;0;0;0;0;0;0;0;0;0;0;0;0;0;0;0;0;0;0;0;0;0;0;0;0;0;0
105;110;116;105;116;108;101;87;101;98;76;111;103;105;99;83;101;114;118;101;114;105;110;116;105;116;108;101;67;111;110;115;111;108;101;76;111;103;105;110;105;110;117;114;108;99;111;110;115;111;108;101;0;0;0;0;0;0;0;0;0;0;0;0;0;0;0;0;0;0;0;0;0;0;0;0;0;0;0
105;110;117;114;108;49;56;49;48;79;114;97;99;108;101;69;110;116;101;114;112;114;105;115;101;77;97;110;97;103;101;114;0;0;0;0;0;0;0;0;0;0;0;0;0;0;0;0;0;0;0;0;0;0;0;0;0;0;0;0;0;0;0;0;0;0;0;0;0;0;0;0;0;0;0;0;0;0;0
105;110;116;105;116;108;101;78;111;118;101;108;108;87;101;98;83;101;114;118;105;99;101;115;105;110;116;101;120;116;83;101;108;101;99;116;97;115;101;114;118;105;99;101;97;110;100;97;108;97;110;103;117;97;103;101;0;0;0;0;0;0;0;0;0;0;0;0;0;0;0;0;0;0;0;0;0;0;0
105;110;116;105;116;108;101;65;116;104;101;110;115;65;117;116;104;101;110;116;105;99;97;116;105;111;110;80;111;105;110;116;0;0;0;0;0;0;0;0;0;0;0;0;0;0;0;0;0;0;0;0;0;0;0;0;0;0;0;0;0;0;0;0;0;0;0;0;0;0;0;0;0;0;0;0;0;0;0
105;110;116;105;116;108;101;76;111;103;105;110;105;110;116;101;120;116;82;84;105;115;195;402;226;8364;353;195;8218;194;67;111;112;121;114;105;103;104;116;0;0;0;0;0;0;0;0;0;0;0;0;0;0;0;0;0;0;0;0;0;0;0;0;0;0;0;0;0;0;0;0;0;0;0;0;0;0;0;0
105;110;116;101;120;116;66;105;84;66;79;65;82;68;118;50;48;66;105;84;83;72;105;70;84;69;82;83;66;117;108;108;101;116;105;110;66;111;97;114;100;0;0;0;0;0;0;0;0;0;0;0;0;0;0;0;0;0;0;0;0;0;0;0;0;0;0;0;0;0;0;0;0;0;0;0;0;0;0
105;110;116;105;116;108;101;77;88;67;111;110;116;114;111;108;67;111;110;115;111;108;101;73;102;121;111;117;99;97;110;116;114;101;109;101;109;98;101;114;0;0;0;0;0;0;0;0;0;0;0;0;0;0;0;0;0;0;0;0;0;0;0;0;0;0;0;0;0;0;0;0;0;0;0;0;0;0;0
105;110;116;105;116;108;101;118;104;111;115;116;105;110;116;101;120;116;118;72;111;115;116;50;48;48;48;50;48;48;52;0;0;0;0;0;0;0;0;0;0;0;0;0;0;0;0;0;0;0;0;0;0;0;0;0;0;0;0;0;0;0;0;0;0;0;0;0;0;0;0;0;0;0;0;0;0;0;0
105;110;117;114;108;49;50;50;48;112;97;114;115;101;120;109;108;99;103;105;0;0;0;0;0;0;0;0;0;0;0;0;0;0;0;0;0;0;0;0;0;0;0;0;0;0;0;0;0;0;0;0;0;0;0;0;0;0;0;0;0;0;0;0;0;0;0;0;0;0;0;0;0;0;0;0;0;0;0
105;110;116;105;116;108;101;86;105;116;97;108;81;73;80;73;80;77;97;110;97;103;101;109;101;110;116;83;121;115;116;101;109;0;0;0;0;0;0;0;0;0;0;0;0;0;0;0;0;0;0;0;0;0;0;0;0;0;0;0;0;0;0;0;0;0;0;0;0;0;0;0;0;0;0;0;0;0;0
105;110;116;101;120;116;83;116;111;114;97;103;101;77;97;110;97;103;101;109;101;110;116;83;101;114;118;101;114;102;111;114;105;110;116;105;116;108;101;83;101;114;118;101;114;65;100;109;105;110;105;115;116;114;97;116;105;111;110;0;0;0;0;0;0;0;0;0;0;0;0;0;0;0;0;0;0;0;0
105;110;117;114;108;99;111;114;97;110;116;111;99;103;105;105;110;116;105;116;108;101;76;111;103;105;110;65;117;116;104;111;114;105;122;101;100;85;115;101;114;115;79;110;108;121;0;0;0;0;0;0;0;0;0;0;0;0;0;0;0;0;0;0;0;0;0;0;0;0;0;0;0;0;0;0;0;0;0
105;110;116;105;116;108;101;80;72;80;65;100;118;97;110;99;101;100;84;114;97;110;115;102;101;114;105;110;117;114;108;108;111;103;105;110;112;104;112;0;0;0;0;0;0;0;0;0;0;0;0;0;0;0;0;0;0;0;0;0;0;0;0;0;0;0;0;0;0;0;0;0;0;0;0;0;0;0;0
105;110;117;114;108;119;101;98;101;100;105;116;105;110;116;101;120;116;87;101;98;69;100;105;116;80;114;111;102;101;115;115;105;111;110;97;108;104;116;109;108;0;0;0;0;0;0;0;0;0;0;0;0;0;0;0;0;0;0;0;0;0;0;0;0;0;0;0;0;0;0;0;0;0;0;0;0;0;0
105;110;117;114;108;112;111;115;116;102;105;120;97;100;109;105;110;105;110;116;105;116;108;101;112;111;115;116;102;105;120;97;100;109;105;110;101;120;116;112;104;112;0;0;0;0;0;0;0;0;0;0;0;0;0;0;0;0;0;0;0;0;0;0;0;0;0;0;0;0;0;0;0;0;0;0;0;0;0
105;110;116;101;120;116;73;99;101;99;97;115;116;65;100;109;105;110;105;115;116;114;97;116;105;111;110;65;100;109;105;110;80;97;103;101;105;110;116;105;116;108;101;73;99;101;99;97;115;116;65;100;109;105;110;105;115;116;114;97;116;105;111;110;65;100;109;105;110;80;97;103;101;0;0;0;0;0;0
105;110;117;114;108;105;114;99;102;105;108;101;116;121;112;101;99;103;105;99;103;105;105;114;99;0;0;0;0;0;0;0;0;0;0;0;0;0;0;0;0;0;0;0;0;0;0;0;0;0;0;0;0;0;0;0;0;0;0;0;0;0;0;0;0;0;0;0;0;0;0;0;0;0;0;0;0;0;0
105;110;116;105;116;108;101;112;108;101;115;107;105;110;117;114;108;108;111;103;105;110;112;104;112;51;0;0;0;0;0;0;0;0;0;0;0;0;0;0;0;0;0;0;0;0;0;0;0;0;0;0;0;0;0;0;0;0;0;0;0;0;0;0;0;0;0;0;0;0;0;0;0;0;0;0;0;0;0
105;110;117;114;108;100;97;110;97;110;97;97;117;116;104;119;101;108;99;111;109;101;104;116;109;108;0;0;0;0;0;0;0;0;0;0;0;0;0;0;0;0;0;0;0;0;0;0;0;0;0;0;0;0;0;0;0;0;0;0;0;0;0;0;0;0;0;0;0;0;0;0;0;0;0;0;0;0;0
105;110;117;114;108;108;111;103;105;110;112;104;112;83;113;117;105;114;114;101;108;77;97;105;108;118;101;114;115;105;111;110;0;0;0;0;0;0;0;0;0;0;0;0;0;0;0;0;0;0;0;0;0;0;0;0;0;0;0;0;0;0;0;0;0;0;0;0;0;0;0;0;0;0;0;0;0;0;0
73;77;97;105;108;83;101;114;118;101;114;87;101;98;77;101;115;115;97;103;105;110;103;105;110;116;105;116;108;101;108;111;103;105;110;0;0;0;0;0;0;0;0;0;0;0;0;0;0;0;0;0;0;0;0;0;0;0;0;0;0;0;0;0;0;0;0;0;0;0;0;0;0;0;0;0;0;0;0
105;110;117;114;108;99;111;110;102;105;120;120;105;110;117;114;108;108;111;103;105;110;97;110;109;101;108;100;117;110;103;0;0;0;0;0;0;0;0;0;0;0;0;0;0;0;0;0;0;0;0;0;0;0;0;0;0;0;0;0;0;0;0;0;0;0;0;0;0;0;0;0;0;0;0;0;0;0;0
86;72;67;83;80;114;111;118;101;114;100;101;109;111;0;0;0;0;0;0;0;0;0;0;0;0;0;0;0;0;0;0;0;0;0;0;0;0;0;0;0;0;0;0;0;0;0;0;0;0;0;0;0;0;0;0;0;0;0;0;0;0;0;0;0;0;0;0;0;0;0;0;0;0;0;0;0;0;0
83;121;115;67;80;108;111;103;105;110;0;0;0;0;0;0;0;0;0;0;0;0;0;0;0;0;0;0;0;0;0;0;0;0;0;0;0;0;0;0;0;0;0;0;0;0;0;0;0;0;0;0;0;0;0;0;0;0;0;0;0;0;0;0;0;0;0;0;0;0;0;0;0;0;0;0;0;0;0
105;110;116;105;116;108;101;73;83;80;77;97;110;85;110;97;117;116;104;111;114;105;122;101;100;65;99;99;101;115;115;112;114;111;104;105;98;105;116;101;100;0;0;0;0;0;0;0;0;0;0;0;0;0;0;0;0;0;0;0;0;0;0;0;0;0;0;0;0;0;0;0;0;0;0;0;0;0;0
76;111;103;105;110;83;117;110;67;111;98;97;108;116;82;97;81;0;0;0;0;0;0;0;0;0;0;0;0;0;0;0;0;0;0;0;0;0;0;0;0;0;0;0;0;0;0;0;0;0;0;0;0;0;0;0;0;0;0;0;0;0;0;0;0;0;0;0;0;0;0;0;0;0;0;0;0;0;0
105;110;116;105;116;108;101;86;105;114;116;117;97;108;83;101;114;118;101;114;65;100;109;105;110;105;115;116;114;97;116;105;111;110;83;121;115;116;101;109;0;0;0;0;0;0;0;0;0;0;0;0;0;0;0;0;0;0;0;0;0;0;0;0;0;0;0;0;0;0;0;0;0;0;0;0;0;0;0
79;80;69;78;83;82;83;68;111;109;97;105;110;77;97;110;97;103;101;109;101;110;116;105;110;117;114;108;109;97;110;97;103;101;99;103;105;0;0;0;0;0;0;0;0;0;0;0;0;0;0;0;0;0;0;0;0;0;0;0;0;0;0;0;0;0;0;0;0;0;0;0;0;0;0;0;0;0;0
105;110;116;105;116;108;101;114;101;109;111;116;101;97;115;115;101;115;115;109;101;110;116;79;112;101;110;65;97;110;118;97;108;67;111;110;115;111;108;101;0;0;0;0;0;0;0;0;0;0;0;0;0;0;0;0;0;0;0;0;0;0;0;0;0;0;0;0;0;0;0;0;0;0;0;0;0;0;0
87;101;98;69;120;112;108;111;114;101;114;83;101;114;118;101;114;76;111;103;105;110;87;101;108;99;111;109;101;116;111;87;101;98;69;120;112;108;111;114;101;114;83;101;114;118;101;114;0;0;0;0;0;0;0;0;0;0;0;0;0;0;0;0;0;0;0;0;0;0;0;0;0;0;0;0;0;0;0
105;110;117;114;108;100;101;102;97;117;108;116;97;115;112;105;110;116;105;116;108;101;87;101;98;67;111;109;109;97;110;100;101;114;0;0;0;0;0;0;0;0;0;0;0;0;0;0;0;0;0;0;0;0;0;0;0;0;0;0;0;0;0;0;0;0;0;0;0;0;0;0;0;0;0;0;0;0;0
105;110;116;105;116;108;101;77;97;105;108;77;97;110;76;111;103;105;110;0;0;0;0;0;0;0;0;0;0;0;0;0;0;0;0;0;0;0;0;0;0;0;0;0;0;0;0;0;0;0;0;0;0;0;0;0;0;0;0;0;0;0;0;0;0;0;0;0;0;0;0;0;0;0;0;0;0;0;0
105;110;117;114;108;99;97;108;101;110;100;97;114;97;115;112;97;99;116;105;111;110;108;111;103;105;110;0;0;0;0;0;0;0;0;0;0;0;0;0;0;0;0;0;0;0;0;0;0;0;0;0;0;0;0;0;0;0;0;0;0;0;0;0;0;0;0;0;0;0;0;0;0;0;0;0;0;0;0
105;110;116;105;116;108;101;111;77;97;105;108;97;100;109;105;110;65;100;109;105;110;105;115;116;114;97;116;105;111;110;76;111;103;105;110;105;110;117;114;108;111;109;110;105;115;99;104;0;0;0;0;0;0;0;0;0;0;0;0;0;0;0;0;0;0;0;0;0;0;0;0;0;0;0;0;0;0;0
105;110;116;105;116;108;101;109;105;99;114;111;115;111;102;116;99;101;114;116;105;102;105;99;97;116;101;115;101;114;118;105;99;101;115;105;110;117;114;108;99;101;114;116;115;114;118;0;0;0;0;0;0;0;0;0;0;0;0;0;0;0;0;0;0;0;0;0;0;0;0;0;0;0;0;0;0;0;0
105;110;117;114;108;109;101;119;101;98;109;97;105;108;0;0;0;0;0;0;0;0;0;0;0;0;0;0;0;0;0;0;0;0;0;0;0;0;0;0;0;0;0;0;0;0;0;0;0;0;0;0;0;0;0;0;0;0;0;0;0;0;0;0;0;0;0;0;0;0;0;0;0;0;0;0;0;0;0
65;100;109;105;110;105;110;116;105;116;108;101;101;90;112;117;98;108;105;115;104;97;100;109;105;110;105;115;116;114;97;116;105;111;110;0;0;0;0;0;0;0;0;0;0;0;0;0;0;0;0;0;0;0;0;0;0;0;0;0;0;0;0;0;0;0;0;0;0;0;0;0;0;0;0;0;0;0;0
105;110;117;114;108;97;100;109;105;110;105;115;116;114;97;116;111;114;119;101;108;99;111;109;101;116;111;109;97;109;98;111;0;0;0;0;0;0;0;0;0;0;0;0;0;0;0;0;0;0;0;0;0;0;0;0;0;0;0;0;0;0;0;0;0;0;0;0;0;0;0;0;0;0;0;0;0;0;0
105;110;117;114;108;116;121;112;111;51;105;110;100;101;120;112;104;112;117;100;101;109;111;0;0;0;0;0;0;0;0;0;0;0;0;0;0;0;0;0;0;0;0;0;0;0;0;0;0;0;0;0;0;0;0;0;0;0;0;0;0;0;0;0;0;0;0;0;0;0;0;0;0;0;0;0;0;0;0
76;111;103;105;110;116;111;85;115;101;114;109;105;110;105;110;117;114;108;50;48;48;48;48;0;0;0;0;0;0;0;0;0;0;0;0;0;0;0;0;0;0;0;0;0;0;0;0;0;0;0;0;0;0;0;0;0;0;0;0;0;0;0;0;0;0;0;0;0;0;0;0;0;0;0;0;0;0;0
105;110;116;105;116;108;101;84;111;109;99;97;116;83;101;114;118;101;114;65;100;109;105;110;105;115;116;114;97;116;105;111;110;0;0;0;0;0;0;0;0;0;0;0;0;0;0;0;0;0;0;0;0;0;0;0;0;0;0;0;0;0;0;0;0;0;0;0;0;0;0;0;0;0;0;0;0;0;0
105;110;116;105;116;108;101;84;85;84;79;83;76;111;103;105;110;0;0;0;0;0;0;0;0;0;0;0;0;0;0;0;0;0;0;0;0;0;0;0;0;0;0;0;0;0;0;0;0;0;0;0;0;0;0;0;0;0;0;0;0;0;0;0;0;0;0;0;0;0;0;0;0;0;0;0;0;0;0
105;110;116;105;116;108;101;76;111;103;105;110;112;111;119;101;114;101;100;98;121;69;97;115;121;70;105;108;101;83;104;97;114;105;110;103;87;101;98;0;0;0;0;0;0;0;0;0;0;0;0;0;0;0;0;0;0;0;0;0;0;0;0;0;0;0;0;0;0;0;0;0;0;0;0;0;0;0;0
102;105;108;101;116;121;112;101;112;108;68;111;119;110;108;111;97;100;83;117;83;69;76;105;110;117;120;79;112;101;110;101;120;99;104;97;110;103;101;83;101;114;118;101;114;67;65;0;0;0;0;0;0;0;0;0;0;0;0;0;0;0;0;0;0;0;0;0;0;0;0;0;0;0;0;0;0;0;0
52;105;109;97;103;101;115;65;100;109;105;110;105;115;116;114;97;116;105;111;110;67;111;110;116;114;111;108;80;97;110;101;108;0;0;0;0;0;0;0;0;0;0;0;0;0;0;0;0;0;0;0;0;0;0;0;0;0;0;0;0;0;0;0;0;0;0;0;0;0;0;0;0;0;0;0;0;0;0
105;110;116;105;116;108;101;78;111;118;101;108;108;105;110;116;105;116;108;101;87;101;98;65;99;99;101;115;115;67;111;112;121;114;105;103;104;116;78;111;118;101;108;108;73;110;99;0;0;0;0;0;0;0;0;0;0;0;0;0;0;0;0;0;0;0;0;0;0;0;0;0;0;0;0;0;0;0;0
105;110;117;114;108;103;115;97;100;109;105;110;108;111;103;105;110;97;115;112;120;0;0;0;0;0;0;0;0;0;0;0;0;0;0;0;0;0;0;0;0;0;0;0;0;0;0;0;0;0;0;0;0;0;0;0;0;0;0;0;0;0;0;0;0;0;0;0;0;0;0;0;0;0;0;0;0;0;0
105;110;116;105;116;108;101;76;111;103;105;110;87;101;98;109;97;105;108;101;114;0;0;0;0;0;0;0;0;0;0;0;0;0;0;0;0;0;0;0;0;0;0;0;0;0;0;0;0;0;0;0;0;0;0;0;0;0;0;0;0;0;0;0;0;0;0;0;0;0;0;0;0;0;0;0;0;0;0
76;111;103;105;110;80;111;119;101;114;101;100;98;121;74;101;116;98;111;120;79;110;101;67;77;83;195;402;194;162;195;162;226;8218;197;190;195;8218;194;162;0;0;0;0;0;0;0;0;0;0;0;0;0;0;0;0;0;0;0;0;0;0;0;0;0;0;0;0;0;0;0;0;0;0;0;0;0;0;0
76;111;103;105;110;80;111;119;101;114;101;100;98;121;74;101;116;115;116;114;101;97;109;195;402;226;8364;353;195;8218;194;0;0;0;0;0;0;0;0;0;0;0;0;0;0;0;0;0;0;0;0;0;0;0;0;0;0;0;0;0;0;0;0;0;0;0;0;0;0;0;0;0;0;0;0;0;0;0;0
78;111;118;101;108;108;78;101;116;87;97;114;101;105;110;116;101;120;116;110;101;116;119;97;114;101;109;97;110;97;103;101;109;101;110;116;112;111;114;116;97;108;118;101;114;115;105;111;110;0;0;0;0;0;0;0;0;0;0;0;0;0;0;0;0;0;0;0;0;0;0;0;0;0;0;0;0;0;0
112;111;119;101;114;101;100;98;121;67;117;116;101;78;101;119;115;50;48;48;51;50;48;48;53;67;117;116;101;80;72;80;0;0;0;0;0;0;0;0;0;0;0;0;0;0;0;0;0;0;0;0;0;0;0;0;0;0;0;0;0;0;0;0;0;0;0;0;0;0;0;0;0;0;0;0;0;0;0
105;110;116;105;116;108;101;73;84;83;83;121;115;116;101;109;73;110;102;111;114;109;97;116;105;111;110;80;108;101;97;115;101;108;111;103;111;110;116;111;116;104;101;83;65;80;83;121;115;116;101;109;0;0;0;0;0;0;0;0;0;0;0;0;0;0;0;0;0;0;0;0;0;0;0;0;0;0;0
105;110;117;114;108;99;103;105;98;105;110;117;108;116;105;109;97;116;101;98;98;99;103;105;117;98;98;108;111;103;105;110;0;0;0;0;0;0;0;0;0;0;0;0;0;0;0;0;0;0;0;0;0;0;0;0;0;0;0;0;0;0;0;0;0;0;0;0;0;0;0;0;0;0;0;0;0;0;0
105;110;116;105;116;108;101;112;108;101;97;115;101;108;111;103;105;110;121;111;117;114;112;97;115;115;119;111;114;100;105;115;0;0;0;0;0;0;0;0;0;0;0;0;0;0;0;0;0;0;0;0;0;0;0;0;0;0;0;0;0;0;0;0;0;0;0;0;0;0;0;0;0;0;0;0;0;0;0
102;105;108;101;116;121;112;101;99;102;103;108;111;103;105;110;76;111;103;105;110;83;101;114;118;101;114;0;0;0;0;0;0;0;0;0;0;0;0;0;0;0;0;0;0;0;0;0;0;0;0;0;0;0;0;0;0;0;0;0;0;0;0;0;0;0;0;0;0;0;0;0;0;0;0;0;0;0;0
87;101;98;83;84;65;82;77;97;105;108;80;108;101;97;115;101;76;111;103;73;110;0;0;0;0;0;0;0;0;0;0;0;0;0;0;0;0;0;0;0;0;0;0;0;0;0;0;0;0;0;0;0;0;0;0;0;0;0;0;0;0;0;0;0;0;0;0;0;0;0;0;0;0;0;0;0;0;0
105;110;116;105;116;108;101;116;101;97;109;115;112;101;97;107;115;101;114;118;101;114;97;100;109;105;110;105;115;116;114;97;116;105;111;110;0;0;0;0;0;0;0;0;0;0;0;0;0;0;0;0;0;0;0;0;0;0;0;0;0;0;0;0;0;0;0;0;0;0;0;0;0;0;0;0;0;0;0
105;110;117;114;108;99;103;105;98;105;110;115;113;119;101;98;109;97;105;108;110;111;102;114;97;109;101;115;49;0;0;0;0;0;0;0;0;0;0;0;0;0;0;0;0;0;0;0;0;0;0;0;0;0;0;0;0;0;0;0;0;0;0;0;0;0;0;0;0;0;0;0;0;0;0;0;0;0;0
105;110;117;114;108;97;114;115;99;103;105;98;105;110;97;114;119;101;98;79;48;105;110;117;114;108;97;114;119;101;98;106;115;112;0;0;0;0;0;0;0;0;0;0;0;0;0;0;0;0;0;0;0;0;0;0;0;0;0;0;0;0;0;0;0;0;0;0;0;0;0;0;0;0;0;0;0;0;0
105;110;116;105;116;108;101;78;111;100;101;76;105;115;116;87;105;110;51;50;86;101;114;115;105;111;110;51;49;49;0;0;0;0;0;0;0;0;0;0;0;0;0;0;0;0;0;0;0;0;0;0;0;0;0;0;0;0;0;0;0;0;0;0;0;0;0;0;0;0;0;0;0;0;0;0;0;0;0
105;110;117;114;108;117;116;105;108;105;116;105;101;115;84;114;101;101;86;105;101;119;97;115;112;0;0;0;0;0;0;0;0;0;0;0;0;0;0;0;0;0;0;0;0;0;0;0;0;0;0;0;0;0;0;0;0;0;0;0;0;0;0;0;0;0;0;0;0;0;0;0;0;0;0;0;0;0;0
65;83;80;108;111;103;105;110;97;115;112;120;65;83;80;78;69;84;83;101;115;115;105;111;110;73;100;0;0;0;0;0;0;0;0;0;0;0;0;0;0;0;0;0;0;0;0;0;0;0;0;0;0;0;0;0;0;0;0;0;0;0;0;0;0;0;0;0;0;0;0;0;0;0;0;0;0;0;0
80;111;119;101;114;101;100;98;121;73;78;68;69;88;85;105;110;117;114;108;98;114;111;119;115;101;116;111;112;114;97;116;101;100;112;111;119;101;114;0;0;0;0;0;0;0;0;0;0;0;0;0;0;0;0;0;0;0;0;0;0;0;0;0;0;0;0;0;0;0;0;0;0;0;0;0;0;0;0
102;105;108;101;116;121;112;101;112;104;112;108;111;103;105;110;105;110;116;105;116;108;101;112;104;112;87;101;98;77;97;105;108;87;101;98;77;97;105;108;0;0;0;0;0;0;0;0;0;0;0;0;0;0;0;0;0;0;0;0;0;0;0;0;0;0;0;0;0;0;0;0;0;0;0;0;0;0;0
102;105;108;101;116;121;112;101;112;104;112;105;110;117;114;108;119;101;98;101;100;105;116;111;114;112;104;112;0;0;0;0;0;0;0;0;0;0;0;0;0;0;0;0;0;0;0;0;0;0;0;0;0;0;0;0;0;0;0;0;0;0;0;0;0;0;0;0;0;0;0;0;0;0;0;0;0;0;0
102;105;108;101;116;121;112;101;99;103;105;105;110;117;114;108;105;114;99;99;103;105;105;110;116;105;116;108;101;67;71;73;73;82;67;76;111;103;105;110;0;0;0;0;0;0;0;0;0;0;0;0;0;0;0;0;0;0;0;0;0;0;0;0;0;0;0;0;0;0;0;0;0;0;0;0;0;0;0
105;110;117;114;108;101;120;99;104;97;110;103;101;108;111;103;111;110;97;115;112;79;82;105;110;116;105;116;108;101;77;105;99;114;111;115;111;102;116;79;117;116;108;111;111;107;87;101;98;65;99;99;101;115;115;76;111;103;111;110;0;0;0;0;0;0;0;0;0;0;0;0;0;0;0;0;0;0;0
105;110;116;105;116;108;101;87;101;108;99;111;109;101;83;105;116;101;85;115;101;114;65;100;109;105;110;105;115;116;114;97;116;111;114;80;108;101;97;115;101;115;101;108;101;99;116;116;104;101;108;97;110;103;117;97;103;101;100;101;109;111;115;0;0;0;0;0;0;0;0;0;0;0;0;0;0;0;0
105;110;116;105;116;108;101;90;121;88;69;76;80;114;101;115;116;105;103;101;82;111;117;116;101;114;69;110;116;101;114;112;97;115;115;119;111;114;100;0;0;0;0;0;0;0;0;0;0;0;0;0;0;0;0;0;0;0;0;0;0;0;0;0;0;0;0;0;0;0;0;0;0;0;0;0;0;0;0
102;105;108;101;116;121;112;101;114;50;119;114;50;119;0;0;0;0;0;0;0;0;0;0;0;0;0;0;0;0;0;0;0;0;0;0;0;0;0;0;0;0;0;0;0;0;0;0;0;0;0;0;0;0;0;0;0;0;0;0;0;0;0;0;0;0;0;0;0;0;0;0;0;0;0;0;0;0;0
116;116;97;119;108;111;103;105;110;99;103;105;97;99;116;105;111;110;0;0;0;0;0;0;0;0;0;0;0;0;0;0;0;0;0;0;0;0;0;0;0;0;0;0;0;0;0;0;0;0;0;0;0;0;0;0;0;0;0;0;0;0;0;0;0;0;0;0;0;0;0;0;0;0;0;0;0;0;0
105;110;117;114;108;115;101;97;114;99;104;97;100;109;105;110;112;104;112;0;0;0;0;0;0;0;0;0;0;0;0;0;0;0;0;0;0;0;0;0;0;0;0;0;0;0;0;0;0;0;0;0;0;0;0;0;0;0;0;0;0;0;0;0;0;0;0;0;0;0;0;0;0;0;0;0;0;0;0
105;110;117;114;108;101;112;114;105;115;101;0;0;0;0;0;0;0;0;0;0;0;0;0;0;0;0;0;0;0;0;0;0;0;0;0;0;0;0;0;0;0;0;0;0;0;0;0;0;0;0;0;0;0;0;0;0;0;0;0;0;0;0;0;0;0;0;0;0;0;0;0;0;0;0;0;0;0;0
105;110;116;105;116;108;101;68;101;108;108;82;101;109;111;116;101;65;99;99;101;115;115;67;111;110;116;114;111;108;108;101;114;0;0;0;0;0;0;0;0;0;0;0;0;0;0;0;0;0;0;0;0;0;0;0;0;0;0;0;0;0;0;0;0;0;0;0;0;0;0;0;0;0;0;0;0;0;0
112;108;101;97;115;101;108;111;103;105;110;0;0;0;0;0;0;0;0;0;0;0;0;0;0;0;0;0;0;0;0;0;0;0;0;0;0;0;0;0;0;0;0;0;0;0;0;0;0;0;0;0;0;0;0;0;0;0;0;0;0;0;0;0;0;0;0;0;0;0;0;0;0;0;0;0;0;0;0
105;110;117;114;108;108;111;103;105;110;102;105;108;101;116;121;112;101;115;119;102;115;119;102;0;0;0;0;0;0;0;0;0;0;0;0;0;0;0;0;0;0;0;0;0;0;0;0;0;0;0;0;0;0;0;0;0;0;0;0;0;0;0;0;0;0;0;0;0;0;0;0;0;0;0;0;0;0;0
105;110;116;105;116;108;101;101;77;117;108;101;105;110;116;105;116;108;101;87;101;98;67;111;110;116;114;111;108;80;97;110;101;108;105;110;116;101;120;116;87;101;98;67;111;110;116;114;111;108;80;97;110;101;108;0;0;0;0;0;0;0;0;0;0;0;0;0;0;0;0;0;0;0;0;0;0;0;0
105;110;116;105;116;108;101;101;77;117;108;101;105;110;116;105;116;108;101;87;101;98;67;111;110;116;114;111;108;80;97;110;101;108;105;110;116;101;120;116;69;110;116;101;114;121;111;117;114;112;97;115;115;119;111;114;100;104;101;114;101;0;0;0;0;0;0;0;0;0;0;0;0;0;0;0;0;0;0
105;110;117;114;108;119;101;98;97;100;109;105;110;102;105;108;101;116;121;112;101;110;115;102;0;0;0;0;0;0;0;0;0;0;0;0;0;0;0;0;0;0;0;0;0;0;0;0;0;0;0;0;0;0;0;0;0;0;0;0;0;0;0;0;0;0;0;0;0;0;0;0;0;0;0;0;0;0;0
105;110;117;114;108;67;105;116;114;105;120;78;102;117;115;101;49;55;0;0;0;0;0;0;0;0;0;0;0;0;0;0;0;0;0;0;0;0;0;0;0;0;0;0;0;0;0;0;0;0;0;0;0;0;0;0;0;0;0;0;0;0;0;0;0;0;0;0;0;0;0;0;0;0;0;0;0;0;0
105;110;117;114;108;109;101;116;97;102;114;97;109;101;120;112;100;101;102;97;117;108;116;108;111;103;105;110;97;115;112;105;110;116;105;116;108;101;77;101;116;97;102;114;97;109;101;88;80;76;111;103;105;110;0;0;0;0;0;0;0;0;0;0;0;0;0;0;0;0;0;0;0;0;0;0;0;0;0
105;110;117;114;108;110;97;109;101;115;110;115;102;111;112;101;110;100;97;116;97;98;97;115;101;0;0;0;0;0;0;0;0;0;0;0;0;0;0;0;0;0;0;0;0;0;0;0;0;0;0;0;0;0;0;0;0;0;0;0;0;0;0;0;0;0;0;0;0;0;0;0;0;0;0;0;0;0;0
105;110;116;105;116;108;101;82;101;109;111;116;101;68;101;115;107;116;111;112;87;101;98;67;111;110;110;101;99;116;105;111;110;105;110;117;114;108;116;115;119;101;98;0;0;0;0;0;0;0;0;0;0;0;0;0;0;0;0;0;0;0;0;0;0;0;0;0;0;0;0;0;0;0;0;0;0;0;0
105;110;116;105;116;108;101;77;105;107;114;111;84;105;107;82;111;117;116;101;114;79;83;77;97;110;97;103;105;110;103;87;101;98;112;97;103;101;0;0;0;0;0;0;0;0;0;0;0;0;0;0;0;0;0;0;0;0;0;0;0;0;0;0;0;0;0;0;0;0;0;0;0;0;0;0;0;0;0
105;110;117;114;108;97;100;109;105;110;108;111;103;105;110;97;115;112;0;0;0;0;0;0;0;0;0;0;0;0;0;0;0;0;0;0;0;0;0;0;0;0;0;0;0;0;0;0;0;0;0;0;0;0;0;0;0;0;0;0;0;0;0;0;0;0;0;0;0;0;0;0;0;0;0;0;0;0;0
86;78;67;68;101;115;107;116;111;112;105;110;117;114;108;53;56;48;48;0;0;0;0;0;0;0;0;0;0;0;0;0;0;0;0;0;0;0;0;0;0;0;0;0;0;0;0;0;0;0;0;0;0;0;0;0;0;0;0;0;0;0;0;0;0;0;0;0;0;0;0;0;0;0;0;0;0;0;0
105;110;117;114;108;108;111;103;105;110;97;115;112;0;0;0;0;0;0;0;0;0;0;0;0;0;0;0;0;0;0;0;0;0;0;0;0;0;0;0;0;0;0;0;0;0;0;0;0;0;0;0;0;0;0;0;0;0;0;0;0;0;0;0;0;0;0;0;0;0;0;0;0;0;0;0;0;0;0
105;110;117;114;108;49;48;48;48;48;105;110;116;101;120;116;119;101;98;109;105;110;0;0;0;0;0;0;0;0;0;0;0;0;0;0;0;0;0;0;0;0;0;0;0;0;0;0;0;0;0;0;0;0;0;0;0;0;0;0;0;0;0;0;0;0;0;0;0;0;0;0;0;0;0;0;0;0;0
105;110;117;114;108;108;111;103;105;110;99;102;109;0;0;0;0;0;0;0;0;0;0;0;0;0;0;0;0;0;0;0;0;0;0;0;0;0;0;0;0;0;0;0;0;0;0;0;0;0;0;0;0;0;0;0;0;0;0;0;0;0;0;0;0;0;0;0;0;0;0;0;0;0;0;0;0;0;0
105;110;116;105;116;108;101;67;111;108;100;70;117;115;105;111;110;65;100;109;105;110;105;115;116;114;97;116;111;114;76;111;103;105;110;0;0;0;0;0;0;0;0;0;0;0;0;0;0;0;0;0;0;0;0;0;0;0;0;0;0;0;0;0;0;0;0;0;0;0;0;0;0;0;0;0;0;0;0
97;108;108;105;110;117;114;108;101;120;99;104;97;110;103;101;108;111;103;111;110;97;115;112;0;0;0;0;0;0;0;0;0;0;0;0;0;0;0;0;0;0;0;0;0;0;0;0;0;0;0;0;0;0;0;0;0;0;0;0;0;0;0;0;0;0;0;0;0;0;0;0;0;0;0;0;0;0;0
